Species,CollectionDate,Latitude,Longitude,MaternalLine,Site,SpeciesConfidence
Backhousia leptopetala,24/08/2026,-32.9738924,150.348284,NSW349884,HWC,Confident
Decaspermum humile,24/08/2026,-29.9738924,153.348284,NSW298140,Cattai,Unsure
Decaspermum humile,12/08/2026,-29.973899,153.348284,NSW943924,HWC,Confident
Melaleuca quinquenervia,1/01/2024,-33.2792015,151.5552973,NSW1074453,p0c317820,Confident
Melaleuca quinquenervia,1/01/2024,-33.2802966,151.5553762,NSW1074324,p0c317820,Confident
Melaleuca quinquenervia,1/01/2024,-33.2845166,151.5521833,NSW1074324,p0c317820,Confident
Melaleuca quinquenervia,1/01/2024,-33.2845166,151.5521833,NSW1079672,p0c317820,Confident
Melaleuca quinquenervia,1/01/2024,-33.28459471,151.552218,NSW1079677,p0c317820,Confident
Melaleuca quinquenervia,1/01/2024,-33.28602382,151.551742,NSW1079682,p0c317820,Confident
Melaleuca quinquenervia,1/01/2024,-33.28603172,151.5517433,NSW1079680,p0c317820,Confident
Melaleuca quinquenervia,1/01/2024,-33.28357552,151.5522239,NSW1079681,p0c317820,Confident
Melaleuca quinquenervia,1/01/2024,-33.28463505,151.5516779,NSW1079671,p0c317820,Confident
Melaleuca quinquenervia,1/01/2024,-33.28465949,151.5516915,NSW1079670,p0c317820,Confident
Melaleuca quinquenervia,1/01/2024,-33.28540365,151.5515136,NSW1074433,p0c317820,Unsure
Melaleuca quinquenervia,1/01/2024,-33.20286067,151.5474484,NSW1079653,pd135bc30,Confident
Melaleuca quinquenervia,1/01/2024,-33.20289403,151.5474202,NSW1079654,pd135bc30,Confident
Melaleuca quinquenervia,1/01/2024,-33.20493702,151.5481819,NSW1074428,pd135bc30,Confident
Melaleuca quinquenervia,1/01/2024,-33.2049692,151.5481722,NSW1074428,pd135bc30,Confident
Melaleuca quinquenervia,1/01/2024,-33.2049692,151.5481722,NSW1074423,pd135bc30,Confident
Melaleuca quinquenervia,1/01/2024,-33.20594131,151.5485014,NSW1074429,pd135bc30,Confident
Melaleuca quinquenervia,1/01/2024,-33.2087521,151.5499654,NSW1074458,pd135bc30,Confident
Melaleuca quinquenervia,1/01/2024,-33.20875621,151.5500155,NSW1079687,pd135bc30,Confident
Melaleuca quinquenervia,1/01/2024,-33.21130892,151.5512911,NSW1079675,pd135bc30,Confident
Melaleuca quinquenervia,1/01/2024,-33.2118398,151.5518817,NSW1079712,pd135bc30,Confident
Melaleuca quinquenervia,1/01/2024,-33.21065443,151.5512577,NSW1079707,pd135bc30,Confident
Melaleuca quinquenervia,1/01/2024,-33.20923622,151.5524043,NSW1079717,pd135bc30,Confident
Melaleuca quinquenervia,1/01/2024,-33.21041547,151.5512684,NSW1079702,pd135bc30,Confident
Melaleuca quinquenervia,1/01/2024,-32.75007599,152.1210819,NSW1079702,p9c3c9590,Confident
Melaleuca quinquenervia,1/01/2024,-32.75007599,152.1210819,NSW1079658,p9c3c9590,Confident
Melaleuca quinquenervia,1/01/2024,-32.74896662,152.1212028,NSW1079703,p9c3c9590,Confident
Melaleuca quinquenervia,1/01/2024,-32.74897577,152.1211969,NSW1079709,p9c3c9590,Confident
Melaleuca quinquenervia,1/01/2024,-32.748032,152.1212337,NSW1079708,p9c3c9590,Confident
Melaleuca quinquenervia,1/01/2024,-32.74757274,152.1213281,NSW1079697,p9c3c9590,Confident
Melaleuca quinquenervia,1/01/2024,-32.75081717,152.1217409,NSW1079713,p9c3c9590,Confident
Melaleuca quinquenervia,1/01/2024,-32.75083052,152.1217611,NSW1079718,p9c3c9590,Confident
Melaleuca quinquenervia,1/01/2024,-32.75014513,152.1239062,NSW1079723,p9c3c9590,Confident
Melaleuca quinquenervia,1/01/2024,-32.75247506,152.1225791,NSW1079692,p9c3c9590,Confident
Melaleuca quinquenervia,1/01/2024,-32.75247562,152.1225817,NSW1079728,p9c3c9590,Confident
Melaleuca quinquenervia,1/01/2024,-32.58106381,152.2854511,NSW1079733,p72bbeb40,Confident
Melaleuca quinquenervia,1/01/2024,-32.58144257,152.2852374,NSW1079722,p72bbeb40,Confident
Melaleuca quinquenervia,1/01/2024,-32.58144257,152.2852374,NSW1079722,p72bbeb40,Confident
Melaleuca quinquenervia,1/01/2024,-32.58144257,152.2852374,NSW1079719,p72bbeb40,Confident
Melaleuca quinquenervia,1/01/2024,-32.58144257,152.2852374,NSW1079714,p72bbeb40,Confident
Melaleuca quinquenervia,1/01/2024,-32.58364896,152.2830206,NSW1079727,p72bbeb40,Confident
Melaleuca quinquenervia,1/01/2024,-32.58366008,152.2830159,NSW1079724,p72bbeb40,Confident
Melaleuca quinquenervia,1/01/2024,-32.58534845,152.281299,NSW1079729,p72bbeb40,Confident
Melaleuca quinquenervia,1/01/2024,-32.59188917,152.2724035,NSW1079737,p72bbeb40,Confident
Melaleuca quinquenervia,1/01/2024,-32.59184361,152.272363,NSW1079734,p72bbeb40,Confident
Melaleuca quinquenervia,1/01/2024,-32.59141373,152.2735029,NSW1079715,p72bbeb40,Confident
Melaleuca quinquenervia,1/01/2024,-32.40380819,152.4554997,NSW1079720,p72bbeb40,Confident
Melaleuca quinquenervia,1/01/2024,-32.40388962,152.4558823,NSW1079691,p72bbeb40,Confident
Melaleuca quinquenervia,1/01/2024,-32.40455719,152.4550025,NSW1079732,p72bbeb40,Confident
Melaleuca quinquenervia,1/01/2024,-32.40455938,152.4550092,NSW1079725,p72bbeb40,Confident
Melaleuca quinquenervia,1/01/2024,-32.40612129,152.452775,NSW1079686,p72bbeb40,Confident
Melaleuca quinquenervia,1/01/2024,-32.40652495,152.4517557,NSW1079696,p72bbeb40,Unsure
Melaleuca quinquenervia,1/01/2024,-32.40652495,152.4517557,NSW1079696,p72bbeb40,Unsure
Melaleuca quinquenervia,1/01/2024,-32.40648032,152.4517494,NSW1079701,p72bbeb40,Unsure
Melaleuca quinquenervia,1/01/2024,-32.40498167,152.4498453,NSW1079710,p72bbeb40,Unsure
Melaleuca quinquenervia,1/01/2024,-32.40517351,152.4501677,NSW1079730,p72bbeb40,Unsure
Melaleuca quinquenervia,1/01/2024,-32.39118881,152.4519771,NSW1079711,p72bbeb40,Unsure
Melaleuca quinquenervia,1/01/2024,-32.25249922,152.5306496,NSW1079773,pbb515550,Unsure
Melaleuca quinquenervia,1/01/2024,-32.25249091,152.5306509,NSW1079778,pbb515550,Unsure
Melaleuca quinquenervia,1/01/2024,-32.25345377,152.5341452,NSW1079706,pbb515550,Unsure
Melaleuca quinquenervia,1/01/2024,-32.25345377,152.5341452,NSW1079706,pbb515550,Confident
Melaleuca quinquenervia,1/01/2024,-32.253502,152.5345676,NSW1079705,pbb515550,Confident
Melaleuca quinquenervia,1/01/2024,-32.25129137,152.5365557,NSW1079768,pbb515550,Confident
Melaleuca quinquenervia,1/01/2024,-32.25109093,152.5364798,NSW1079758,pbb515550,Confident
Melaleuca quinquenervia,1/01/2024,-32.25109305,152.5364718,NSW1079744,pbb515550,Confident
Melaleuca quinquenervia,1/01/2024,-32.25012837,152.5368438,NSW1079753,pbb515550,Confident
Melaleuca quinquenervia,1/01/2024,-32.25015074,152.5368591,NSW1079748,pbb515550,Confident
Melaleuca quinquenervia,1/01/2024,-32.24914199,152.5377314,NSW1079740,pbb515550,Confident
Melaleuca quinquenervia,1/01/2024,-31.71824925,152.7925521,NSW1079736,pa9710de0,Confident
Melaleuca quinquenervia,1/01/2024,-31.71631504,152.7916554,NSW1079735,pa9710de0,Confident
Melaleuca quinquenervia,1/01/2024,-31.71631709,152.791639,NSW1079731,pa9710de0,Confident
Melaleuca quinquenervia,1/01/2024,-31.71631709,152.791639,NSW1079731,pa9710de0,Confident
Melaleuca quinquenervia,1/01/2024,-31.71505587,152.7912195,NSW1079743,pa9710de0,Confident
Melaleuca quinquenervia,1/01/2024,-31.70962811,152.789829,NSW1079763,pa9710de0,Confident
Melaleuca quinquenervia,1/01/2024,-31.70961823,152.7898261,NSW1079726,pa9710de0,Confident
Melaleuca quinquenervia,1/01/2024,-31.69967177,152.7908758,NSW1079721,pa9710de0,Confident
Melaleuca quinquenervia,1/01/2024,-31.69863613,152.791601,NSW1079716,pa9710de0,Confident
Melaleuca quinquenervia,1/01/2024,-31.69862089,152.7916118,NSW1079739,pa9710de0,Confident
Melaleuca quinquenervia,1/01/2024,-31.68884571,152.7937629,NSW1079738,pa9710de0,Confident
Melaleuca quinquenervia,1/01/2024,-31.68554497,152.7971721,NSW1079822,pa9710de0,Confident
Melaleuca quinquenervia,1/01/2024,-31.68235956,152.8002216,NSW1079821,pa9710de0,Confident
Melaleuca quinquenervia,1/01/2024,-31.05007697,153.0415239,NSW1079783,p831064a0,Confident
Melaleuca quinquenervia,1/01/2024,-31.05007697,153.0415239,NSW1079783,p831064a0,Confident
Melaleuca quinquenervia,1/01/2024,-31.04981504,153.0406556,NSW1079788,p831064a0,Confident
Melaleuca quinquenervia,1/01/2024,-31.0495524,153.03983,NSW1079747,p831064a0,Confident
Melaleuca quinquenervia,1/01/2024,-31.0492059,153.0393076,NSW1079793,p831064a0,Confident
Melaleuca quinquenervia,1/01/2024,-31.04851124,153.0380382,NSW1079798,p831064a0,Unsure
Melaleuca quinquenervia,1/01/2024,-31.02313825,153.0207133,NSW1079803,p831064a0,Confident
Melaleuca quinquenervia,1/01/2024,-31.02977903,153.0255807,NSW1079808,p831064a0,Confident
Melaleuca quinquenervia,1/01/2024,-31.03003889,153.0250251,NSW1079752,p831064a0,Confident
Melaleuca quinquenervia,1/01/2024,-31.03043342,153.0241479,NSW1079813,p831064a0,Confident
Melaleuca quinquenervia,1/01/2024,-31.03060077,153.0237167,NSW1079818,p831064a0,Confident
Melaleuca quinquenervia,1/01/2024,-30.42136993,153.0313893,NSW1079754,p9e6cdbc0,Unsure
Melaleuca quinquenervia,1/01/2024,-30.42156619,153.0321728,NSW1079757,p9e6cdbc0,Unsure
Melaleuca quinquenervia,1/01/2024,-30.42177353,153.0324678,NSW1079759,p9e6cdbc0,Unsure
Melaleuca quinquenervia,1/01/2024,-30.42227672,153.0328602,NSW1079749,p9e6cdbc0,Confident
Melaleuca quinquenervia,1/01/2024,-30.42081243,153.030568,NSW1079764,p9e6cdbc0,Confident
Melaleuca quinquenervia,1/01/2024,-30.4203424,153.0299753,NSW1079769,p9e6cdbc0,Confident
Melaleuca quinquenervia,1/01/2024,-30.4203424,153.0299753,NSW1079769,p9e6cdbc0,Confident
Melaleuca quinquenervia,1/01/2024,-31.33241514,152.9565065,NSW1079774,pe59c2ef0,Confident
Melaleuca quinquenervia,1/01/2024,-31.33168946,152.9570097,NSW1079774,pe59c2ef0,Confident
Melaleuca quinquenervia,1/01/2024,-31.33168946,152.9570097,NSW1079746,pe59c2ef0,Confident
Melaleuca quinquenervia,1/01/2024,-31.33082294,152.9575479,NSW1079741,pe59c2ef0,Confident
Melaleuca quinquenervia,1/01/2024,-31.33080433,152.9575655,NSW1079751,pe59c2ef0,Confident
Melaleuca quinquenervia,1/01/2024,-31.32818962,152.9589881,NSW1079756,pe59c2ef0,Confident
Melaleuca quinquenervia,1/01/2024,-31.32815482,152.9590002,NSW1079761,pe59c2ef0,Confident
Melaleuca quinquenervia,1/01/2024,-31.31946985,152.9668781,NSW1079779,pe59c2ef0,Unsure
Melaleuca quinquenervia,1/01/2024,-31.3139559,152.9694803,NSW1079762,pe59c2ef0,Confident
Melaleuca quinquenervia,1/01/2024,-31.31318018,152.9667334,NSW1079765,pe59c2ef0,Confident
Melaleuca quinquenervia,1/01/2024,-31.30981403,152.9633359,NSW1079766,pe59c2ef0,Confident
Melaleuca quinquenervia,1/01/2024,-31.30753143,152.9627998,NSW1079799,pe59c2ef0,Confident
Melaleuca quinquenervia,1/01/2024,-31.30749914,152.9628195,NSW1079767,pe59c2ef0,Confident
Melaleuca quinquenervia,1/01/2024,-31.49350321,152.9038629,NSW1079784,pb9a5aec0,Confident
Melaleuca quinquenervia,1/01/2024,-31.49418374,152.9035492,NSW1079789,pb9a5aec0,Confident
Melaleuca quinquenervia,1/01/2024,-31.49420354,152.9035574,NSW1079794,pb9a5aec0,Confident
Melaleuca quinquenervia,1/01/2024,-31.49420354,152.9035574,NSW1079794,pb9a5aec0,Unsure
Melaleuca quinquenervia,1/01/2024,-31.49540748,152.9030448,NSW1079804,pb9a5aec0,Unsure
Melaleuca quinquenervia,1/01/2024,-31.49585756,152.9025959,NSW1079814,pb9a5aec0,Unsure
Melaleuca quinquenervia,1/01/2024,-31.49680026,152.9023225,NSW1079819,pb9a5aec0,Unsure
Melaleuca quinquenervia,1/01/2024,-31.49982136,152.9005251,NSW1079745,pb9a5aec0,Unsure
Melaleuca quinquenervia,1/01/2024,-31.50046378,152.8997506,NSW1079755,pb9a5aec0,Confident
Melaleuca quinquenervia,1/01/2024,-31.50047217,152.8997563,NSW1079750,pb9a5aec0,Confident
Melaleuca quinquenervia,1/01/2024,-31.50147069,152.8986933,NSW1079760,pb9a5aec0,Confident
Melaleuca quinquenervia,1/01/2024,-31.50223666,152.8982914,NSW1079809,pb9a5aec0,Confident
Melaleuca quinquenervia,1/01/2024,-31.50224463,152.8982869,NSW1079772,pb9a5aec0,Confident
Melaleuca quinquenervia,1/01/2024,-31.25654649,152.9661873,NSW1074329,p93a6ddc0,Confident
Melaleuca quinquenervia,1/01/2024,-31.25654649,152.9661873,NSW1074329,p93a6ddc0,Confident
Melaleuca quinquenervia,1/01/2024,-31.25563895,152.9663093,NSW1071113,p93a6ddc0,Confident
Melaleuca quinquenervia,1/01/2024,-31.25555562,152.9661151,NSW1071118,p93a6ddc0,Confident
Melaleuca quinquenervia,1/01/2024,-31.25437969,152.966154,NSW1074334,p93a6ddc0,Confident
Melaleuca quinquenervia,1/01/2024,-31.25441977,152.9661785,NSW1074339,p93a6ddc0,Confident
Melaleuca quinquenervia,1/01/2024,-31.1977717,152.9681876,NSW1071115,p93a6ddc0,Confident
Melaleuca quinquenervia,1/01/2024,-31.19779728,152.9682061,NSW1071070,p93a6ddc0,Confident
Melaleuca quinquenervia,1/01/2024,-31.1994082,152.9677057,NSW1071110,p93a6ddc0,Confident
Melaleuca quinquenervia,1/01/2024,-28.47684672,153.5464416,NSW1071090,p666c7140,Confident
Melaleuca quinquenervia,1/01/2024,-28.47684672,153.5464416,NSW1071090,p666c7140,Confident
Melaleuca quinquenervia,1/01/2024,-28.47766614,153.5453788,NSW1071133,p666c7140,Confident
Melaleuca quinquenervia,1/01/2024,-28.47762564,153.5453594,NSW1071128,p666c7140,Unsure
Melaleuca quinquenervia,1/01/2024,-28.47786231,153.5446269,NSW1078653,p666c7140,Confident
Melaleuca quinquenervia,1/01/2024,-28.4782849,153.5417933,NSW1078636,p666c7140,Confident
Melaleuca quinquenervia,1/01/2024,-28.60516753,153.5740332,NSW1078641,p328a8440,Confident
Melaleuca quinquenervia,1/01/2024,-28.60516753,153.5740332,NSW1078641,p328a8440,Confident
Melaleuca quinquenervia,1/01/2024,-28.60559014,153.5734019,NSW1071123,p328a8440,Confident
Melaleuca quinquenervia,1/01/2024,-28.60557577,153.5734272,NSW1078645,p328a8440,Confident
Melaleuca quinquenervia,1/01/2024,-28.60642035,153.5706189,NSW1071075,p328a8440,Confident
Melaleuca quinquenervia,1/01/2024,-28.60644177,153.5706227,NSW1071080,p328a8440,Confident
Melaleuca quinquenervia,1/01/2024,-28.60695352,153.569276,NSW1078646,p328a8440,Confident
Melaleuca quinquenervia,1/01/2024,-28.60778531,153.5666941,NSW1078640,p328a8440,Confident
Melaleuca quinquenervia,1/01/2024,-28.6080735,153.5637864,NSW1078642,p328a8440,Unsure
Melaleuca quinquenervia,1/01/2024,-28.60431562,153.5739177,NSW1078637,p328a8440,Unsure
Melaleuca quinquenervia,1/01/2024,-28.6042916,153.5739313,NSW1071143,p328a8440,Unsure
Melaleuca quinquenervia,1/01/2024,-28.64923983,153.6220029,NSW1071143,p1bff81d0,Unsure
Melaleuca quinquenervia,1/01/2024,-28.64923983,153.6220029,NSW1078647,p1bff81d0,Unsure
Melaleuca quinquenervia,1/01/2024,-28.6482238,153.6235341,NSW1078651,p1bff81d0,Confident
Melaleuca quinquenervia,1/01/2024,-28.64745043,153.6250369,NSW1078713,p1bff81d0,Confident
Melaleuca quinquenervia,1/01/2024,-28.64620153,153.6274689,NSW1078654,p1bff81d0,Confident
Melaleuca quinquenervia,1/01/2024,-28.64861633,153.6235516,NSW1078652,p1bff81d0,Confident
Melaleuca quinquenervia,1/01/2024,-28.64852792,153.6242193,NSW1078656,p1bff81d0,Unsure
Melaleuca quinquenervia,1/01/2024,-28.64850763,153.6242216,NSW1078658,p1bff81d0,Confident
Melaleuca quinquenervia,1/01/2024,-28.64858659,153.6250671,NSW1078657,p1bff81d0,Confident
Melaleuca quinquenervia,1/01/2024,-28.64858147,153.6250711,NSW1078660,p1bff81d0,Confident
Melaleuca quinquenervia,1/01/2024,-28.64885647,153.6259881,NSW1078662,p1bff81d0,Confident
Melaleuca quinquenervia,1/01/2024,-29.85196215,153.2605053,NSW1078662,p8a9b6b20,Confident
Melaleuca quinquenervia,1/01/2024,-29.85196215,153.2605053,NSW1074318,p8a9b6b20,Confident
Melaleuca quinquenervia,1/01/2024,-29.85200872,153.2619853,NSW1080781,p8a9b6b20,Confident
Melaleuca quinquenervia,1/01/2024,-29.8522382,153.262396,NSW1080782,p8a9b6b20,Confident
Melaleuca quinquenervia,1/01/2024,-29.85212664,153.2629126,NSW1080766,p8a9b6b20,Confident
Melaleuca quinquenervia,1/01/2024,-29.85248481,153.2632438,NSW1080784,p8a9b6b20,Confident
Melaleuca quinquenervia,1/01/2024,-29.85198428,153.2637667,NSW1080764,p8a9b6b20,Confident
Melaleuca quinquenervia,1/01/2024,-29.85293715,153.2701373,NSW1080779,p8a9b6b20,Confident
Melaleuca quinquenervia,1/01/2024,-29.85293685,153.2701393,NSW1080778,p8a9b6b20,Unsure
Melaleuca quinquenervia,1/01/2024,-29.85197584,153.2709461,NSW1080787,p8a9b6b20,Confident
Melaleuca quinquenervia,1/01/2024,-29.85199418,153.2709712,NSW1080777,p8a9b6b20,Confident
Melaleuca quinquenervia,1/01/2024,-29.85176414,153.26967,NSW1080786,p8a9b6b20,Confident
Melaleuca quinquenervia,1/01/2024,-29.85176757,153.2696437,NSW1080785,p8a9b6b20,Confident
Melaleuca quinquenervia,1/01/2024,-30.03477256,153.1975396,NSW1080785,p60668f30,Confident
Melaleuca quinquenervia,1/01/2024,-30.03477256,153.1975396,NSW1080773,p60668f30,Confident
Melaleuca quinquenervia,1/01/2024,-30.03558083,153.1972502,NSW1080774,p60668f30,Confident
Melaleuca quinquenervia,1/01/2024,-30.03595822,153.1971047,NSW1080768,p60668f30,Confident
Melaleuca quinquenervia,1/01/2024,-30.0364465,153.1972212,NSW1080770,p60668f30,Confident
Melaleuca quinquenervia,1/01/2024,-30.03644305,153.1972206,NSW1080769,p60668f30,Confident
Melaleuca quinquenervia,1/01/2024,-30.03464414,153.1976471,NSW1080775,p60668f30,Confident
Melaleuca quinquenervia,1/01/2024,-30.03709778,153.1968916,NSW1080765,p60668f30,Confident
Melaleuca quinquenervia,1/01/2024,-30.03812084,153.1965746,NSW1080776,p60668f30,Unsure
Melaleuca quinquenervia,1/01/2024,-30.03812797,153.1965677,NSW1080771,p60668f30,Unsure
Melaleuca quinquenervia,1/01/2024,-30.03875313,153.1961878,NSW1080763,p60668f30,Unsure
Melaleuca quinquenervia,1/01/2024,-30.18909784,153.1615165,NSW1080761,pb659e150,Confident
Melaleuca quinquenervia,1/01/2024,-30.18909914,153.1615232,NSW1080758,pb659e150,Confident
Melaleuca quinquenervia,1/01/2024,-30.18916854,153.1616169,NSW1080780,pb659e150,Confident
Melaleuca quinquenervia,1/01/2024,-30.18909682,153.1615244,NSW1071148,pb659e150,Confident
Melaleuca quinquenervia,1/01/2024,-30.18913757,153.1614909,NSW1080767,pb659e150,Confident
Melaleuca quinquenervia,1/01/2024,-30.18911622,153.1615077,NSW1080772,pb659e150,Confident
Melaleuca quinquenervia,1/01/2024,-30.18978066,153.1635112,NSW1071138,pb659e150,Confident
Melaleuca quinquenervia,1/01/2024,-30.17570688,153.1868368,NSW1080759,pb659e150,Confident
Melaleuca quinquenervia,1/01/2024,-30.17570688,153.1868368,NSW1074398,pb659e150,Confident
Melaleuca quinquenervia,1/01/2024,-30.19164058,153.1644314,NSW1080762,pb659e150,Unsure
Melaleuca quinquenervia,1/01/2024,-30.19164058,153.1644314,NSW1080762,pb659e150,Confident
