Species,MaternalLine,SeedlingID,InoculationDate,ScoringDate,Flecking,Chlorosis,Necrosis,ActiveSpores,Coverage,ImmuneResponse
Backhousia leptopetala,NSW349884,9320,11/08/2026,22/08/2026,N,Y,Y,Y,20,S
Backhousia leptopetala,NSW349884,4324,11/08/2026,22/08/2026,Y,N,N,N,5,R
Backhousia leptopetala,NSW349884,3464,11/08/2026,22/08/2026,Y,N,N,N,5,R
Backhousia leptopetala,NSW349884,3425,11/08/2026,22/08/2026,Y,N,Y,N,5,R
Decaspermum humile,NSW298140,3902,12/08/2026,24/08/2026,N,N,N,N,0,HR
Decaspermum humile,NSW298140,2001,12/08/2026,24/08/2026,N,N,N,N,0,HR
Decaspermum humile,NSW943924,2919,12/08/2026,24/08/2026,N,N,N,N,0,HR
Decaspermum humile,NSW943924,3256,12/08/2026,24/08/2026,N,Y,N,Mix,30,MS
Decaspermum humile,NSW298140,2341,12/08/2026,24/08/2026,Y,N,N,N,5,R
Decaspermum humile,NSW943924,3445,12/08/2026,24/08/2026,N,Y,Y,Mix,45,MS
Melaleuca quinquenervia,NSW1071070,1,3/02/2026,24/02/2026,Y,N,N,R,72,S
Melaleuca quinquenervia,NSW1071070,2,3/02/2026,24/02/2026,N,Y,Y,N,74,R
Melaleuca quinquenervia,NSW1071070,3,3/02/2026,24/02/2026,Y,N,Y,R,78,R
Melaleuca quinquenervia,NSW1071070,4,3/02/2026,24/02/2026,N,Y,N,UR,79,R
Melaleuca quinquenervia,NSW1071070,5,3/02/2026,24/02/2026,Y,N,Y,Mix,39,HR
Melaleuca quinquenervia,NSW1071070,6,3/02/2026,24/02/2026,Y,N,Y,N,32,HR
Melaleuca quinquenervia,NSW1071070,7,3/02/2026,24/02/2026,N,Y,N,Mix,35,HR
Melaleuca quinquenervia,NSW1071070,8,3/02/2026,24/02/2026,Y,Y,Y,Mix,1,MS
Melaleuca quinquenervia,NSW1071070,9,3/02/2026,24/02/2026,Y,Y,Y,UR,88,R
Melaleuca quinquenervia,NSW1071070,10,3/02/2026,24/02/2026,N,Y,Y,Mix,86,MS
Melaleuca quinquenervia,NSW1071075,14,3/02/2026,24/02/2026,Y,N,Y,Mix,45,S
Melaleuca quinquenervia,NSW1071075,15,3/02/2026,24/02/2026,N,N,Y,UR,56,R
Melaleuca quinquenervia,NSW1071075,16,3/02/2026,24/02/2026,Y,Y,N,UR,40,R
Melaleuca quinquenervia,NSW1071075,19,3/02/2026,24/02/2026,N,N,Y,UR,78,R
Melaleuca quinquenervia,NSW1071075,20,3/02/2026,24/02/2026,N,Y,Y,N,3,HR
Melaleuca quinquenervia,NSW1071075,22,3/02/2026,24/02/2026,N,Y,Y,UR,78,HR
Melaleuca quinquenervia,NSW1071075,24,3/02/2026,24/02/2026,N,Y,N,Mix,30,HR
Melaleuca quinquenervia,NSW1071080,25,3/02/2026,24/02/2026,Y,N,Y,Mix,57,MS
Melaleuca quinquenervia,NSW1071080,27,3/02/2026,24/02/2026,N,Y,N,UR,92,R
Melaleuca quinquenervia,NSW1071080,28,3/02/2026,24/02/2026,N,N,N,R,45,MS
Melaleuca quinquenervia,NSW1071080,31,3/02/2026,24/02/2026,Y,N,N,N,94,S
Melaleuca quinquenervia,NSW1071080,32,3/02/2026,24/02/2026,N,N,N,UR,58,R
Melaleuca quinquenervia,NSW1071080,35,3/02/2026,24/02/2026,Y,Y,N,UR,23,R
Melaleuca quinquenervia,NSW1071080,36,3/02/2026,24/02/2026,N,Y,N,Mix,11,R
Melaleuca quinquenervia,NSW1071090,37,3/02/2026,24/02/2026,Y,N,N,Mix,71,HR
Melaleuca quinquenervia,NSW1071090,39,3/02/2026,24/02/2026,Y,N,Y,N,86,HR
Melaleuca quinquenervia,NSW1071090,41,3/02/2026,24/02/2026,N,N,N,R,24,HR
Melaleuca quinquenervia,NSW1071090,43,3/02/2026,24/02/2026,Y,Y,Y,N,38,MS
Melaleuca quinquenervia,NSW1071090,45,3/02/2026,24/02/2026,Y,N,Y,UR,86,R
Melaleuca quinquenervia,NSW1071090,49,3/02/2026,24/02/2026,N,N,Y,UR,17,MS
Melaleuca quinquenervia,NSW1071090,51,3/02/2026,24/02/2026,Y,N,N,R,98,S
Melaleuca quinquenervia,NSW1071090,55,3/02/2026,24/02/2026,N,Y,N,N,23,R
Melaleuca quinquenervia,NSW1071090,57,3/02/2026,24/02/2026,Y,N,N,R,65,R
Melaleuca quinquenervia,NSW1071110,61,3/02/2026,24/02/2026,N,N,N,R,56,R
Melaleuca quinquenervia,NSW1071110,62,3/02/2026,24/02/2026,N,N,Y,Mix,72,HR
Melaleuca quinquenervia,NSW1071110,63,3/02/2026,24/02/2026,Y,N,N,Mix,13,HR
Melaleuca quinquenervia,NSW1071110,65,3/02/2026,24/02/2026,Y,N,Y,UR,60,HR
Melaleuca quinquenervia,NSW1071110,66,3/02/2026,24/02/2026,Y,Y,Y,N,27,MS
Melaleuca quinquenervia,NSW1071110,68,3/02/2026,24/02/2026,N,N,N,R,41,R
Melaleuca quinquenervia,NSW1071110,71,3/02/2026,24/02/2026,Y,Y,N,Mix,4,MS
Melaleuca quinquenervia,NSW1071113,81,3/02/2026,24/02/2026,Y,N,Y,N,16,S
Melaleuca quinquenervia,NSW1071113,82,3/02/2026,24/02/2026,Y,Y,Y,R,2,R
Melaleuca quinquenervia,NSW1071113,83,3/02/2026,24/02/2026,N,N,Y,R,43,R
Melaleuca quinquenervia,NSW1071115,85,3/02/2026,24/02/2026,Y,Y,N,R,22,R
Melaleuca quinquenervia,NSW1071115,87,3/02/2026,24/02/2026,Y,Y,N,Mix,58,HR
Melaleuca quinquenervia,NSW1071115,89,3/02/2026,24/02/2026,Y,Y,Y,N,82,HR
Melaleuca quinquenervia,NSW1071115,90,3/02/2026,24/02/2026,Y,N,Y,Mix,62,HR
Melaleuca quinquenervia,NSW1071115,94,3/02/2026,24/02/2026,N,Y,N,UR,17,MS
Melaleuca quinquenervia,NSW1071118,97,3/02/2026,24/02/2026,Y,Y,Y,Mix,36,R
Melaleuca quinquenervia,NSW1071118,98,3/02/2026,24/02/2026,Y,N,N,R,10,MS
Melaleuca quinquenervia,NSW1071118,99,3/02/2026,24/02/2026,N,Y,N,UR,5,HR
Melaleuca quinquenervia,NSW1071118,101,3/02/2026,24/02/2026,N,Y,N,N,76,MS
Melaleuca quinquenervia,NSW1071118,102,3/02/2026,24/02/2026,N,Y,N,R,48,R
Melaleuca quinquenervia,NSW1071118,103,3/02/2026,24/02/2026,Y,N,Y,N,65,MS
Melaleuca quinquenervia,NSW1071118,106,3/02/2026,24/02/2026,N,Y,Y,R,4,S
Melaleuca quinquenervia,NSW1071118,107,3/02/2026,24/02/2026,N,N,Y,UR,27,R
Melaleuca quinquenervia,NSW1071118,108,3/02/2026,24/02/2026,N,Y,N,UR,49,R
Melaleuca quinquenervia,NSW1071123,109,3/02/2026,24/02/2026,Y,Y,Y,Mix,26,R
Melaleuca quinquenervia,NSW1071123,112,3/02/2026,24/02/2026,N,N,N,R,28,HR
Melaleuca quinquenervia,NSW1071123,113,3/02/2026,24/02/2026,N,Y,N,Mix,60,HR
Melaleuca quinquenervia,NSW1071123,116,3/02/2026,24/02/2026,N,N,N,Mix,65,HR
Melaleuca quinquenervia,NSW1071123,118,3/02/2026,24/02/2026,N,N,Y,Mix,2,MS
Melaleuca quinquenervia,NSW1071123,120,3/02/2026,24/02/2026,N,N,N,N,3,R
Melaleuca quinquenervia,NSW1071128,121,3/02/2026,24/02/2026,Y,Y,N,N,56,MS
Melaleuca quinquenervia,NSW1071128,122,3/02/2026,24/02/2026,Y,Y,N,R,36,HR
Melaleuca quinquenervia,NSW1071128,123,3/02/2026,24/02/2026,N,N,N,R,76,MS
Melaleuca quinquenervia,NSW1071128,124,3/02/2026,24/02/2026,Y,N,Y,Mix,47,R
Melaleuca quinquenervia,NSW1071128,125,3/02/2026,24/02/2026,Y,N,Y,R,71,MS
Melaleuca quinquenervia,NSW1071128,126,3/02/2026,24/02/2026,N,Y,Y,R,100,S
Melaleuca quinquenervia,NSW1071128,127,3/02/2026,24/02/2026,N,N,N,Mix,69,R
Melaleuca quinquenervia,NSW1071128,128,3/02/2026,24/02/2026,N,Y,Y,UR,75,R
Melaleuca quinquenervia,NSW1071128,129,3/02/2026,24/02/2026,N,Y,Y,R,11,R
Melaleuca quinquenervia,NSW1071128,130,3/02/2026,24/02/2026,N,N,N,R,99,HR
Melaleuca quinquenervia,NSW1071128,131,3/02/2026,24/02/2026,Y,Y,Y,R,87,HR
Melaleuca quinquenervia,NSW1071128,132,3/02/2026,24/02/2026,Y,Y,Y,N,22,HR
Melaleuca quinquenervia,NSW1071133,133,3/02/2026,24/02/2026,N,Y,N,R,76,MS
Melaleuca quinquenervia,NSW1071133,134,3/02/2026,24/02/2026,N,N,Y,R,25,R
Melaleuca quinquenervia,NSW1071133,136,3/02/2026,24/02/2026,Y,Y,N,UR,31,MS
Melaleuca quinquenervia,NSW1071133,137,3/02/2026,24/02/2026,Y,N,N,R,23,MS
Melaleuca quinquenervia,NSW1071133,138,3/02/2026,24/02/2026,N,N,Y,N,59,R
Melaleuca quinquenervia,NSW1071133,139,3/02/2026,24/02/2026,N,Y,N,Mix,43,MS
Melaleuca quinquenervia,NSW1071133,140,3/02/2026,24/02/2026,Y,Y,N,R,100,HR
Melaleuca quinquenervia,NSW1071133,141,3/02/2026,24/02/2026,N,Y,N,UR,74,MS
Melaleuca quinquenervia,NSW1071133,142,3/02/2026,24/02/2026,N,Y,Y,R,34,R
Melaleuca quinquenervia,NSW1071133,143,3/02/2026,24/02/2026,N,Y,N,Mix,5,MS
Melaleuca quinquenervia,NSW1071138,145,3/02/2026,24/02/2026,Y,Y,Y,R,26,S
Melaleuca quinquenervia,NSW1071138,146,3/02/2026,24/02/2026,N,Y,N,N,15,R
Melaleuca quinquenervia,NSW1071138,147,3/02/2026,24/02/2026,Y,N,N,N,8,R
Melaleuca quinquenervia,NSW1071138,148,3/02/2026,24/02/2026,N,Y,N,Mix,2,R
Melaleuca quinquenervia,NSW1071138,149,3/02/2026,24/02/2026,Y,Y,Y,N,24,HR
Melaleuca quinquenervia,NSW1071138,150,3/02/2026,24/02/2026,Y,N,N,N,69,HR
Melaleuca quinquenervia,NSW1071138,151,3/02/2026,24/02/2026,N,N,N,R,49,HR
Melaleuca quinquenervia,NSW1071138,152,3/02/2026,24/02/2026,Y,Y,Y,N,69,MS
Melaleuca quinquenervia,NSW1071138,153,3/02/2026,24/02/2026,Y,N,N,Mix,72,R
Melaleuca quinquenervia,NSW1071138,154,3/02/2026,24/02/2026,Y,N,Y,UR,75,MS
Melaleuca quinquenervia,NSW1071138,155,3/02/2026,24/02/2026,N,N,Y,UR,16,HR
Melaleuca quinquenervia,NSW1071143,157,3/02/2026,24/02/2026,Y,Y,Y,R,54,MS
Melaleuca quinquenervia,NSW1071143,159,3/02/2026,24/02/2026,Y,N,Y,UR,90,R
Melaleuca quinquenervia,NSW1071143,161,3/02/2026,24/02/2026,N,N,Y,Mix,79,MS
Melaleuca quinquenervia,NSW1071143,163,3/02/2026,24/02/2026,N,Y,Y,R,24,S
Melaleuca quinquenervia,NSW1071143,165,3/02/2026,24/02/2026,Y,N,N,R,94,R
Melaleuca quinquenervia,NSW1071143,169,3/02/2026,24/02/2026,Y,Y,N,UR,64,R
Melaleuca quinquenervia,NSW1071143,171,3/02/2026,24/02/2026,N,Y,N,R,65,R
Melaleuca quinquenervia,NSW1071143,173,3/02/2026,24/02/2026,N,N,N,N,79,HR
Melaleuca quinquenervia,NSW1071143,175,3/02/2026,24/02/2026,Y,N,Y,R,5,HR
Melaleuca quinquenervia,NSW1071143,177,3/02/2026,24/02/2026,N,N,N,UR,73,HR
Melaleuca quinquenervia,NSW1071143,179,3/02/2026,24/02/2026,Y,N,N,N,86,MS
Melaleuca quinquenervia,NSW1071148,181,3/02/2026,24/02/2026,Y,Y,Y,UR,15,R
Melaleuca quinquenervia,NSW1071148,182,3/02/2026,24/02/2026,Y,Y,Y,UR,34,MS
Melaleuca quinquenervia,NSW1071148,183,3/02/2026,24/02/2026,Y,N,Y,R,27,MS
Melaleuca quinquenervia,NSW1071148,184,3/02/2026,24/02/2026,N,Y,Y,R,3,R
Melaleuca quinquenervia,NSW1071148,185,3/02/2026,24/02/2026,N,N,Y,UR,50,MS
Melaleuca quinquenervia,NSW1071148,186,3/02/2026,24/02/2026,N,N,Y,N,44,HR
Melaleuca quinquenervia,NSW1071148,187,3/02/2026,24/02/2026,N,Y,N,R,5,MS
Melaleuca quinquenervia,NSW1071148,188,3/02/2026,24/02/2026,Y,N,Y,Mix,32,R
Melaleuca quinquenervia,NSW1071148,189,3/02/2026,24/02/2026,N,N,N,R,35,MS
Melaleuca quinquenervia,NSW1071148,190,3/02/2026,24/02/2026,Y,N,Y,Mix,94,S
Melaleuca quinquenervia,NSW1071148,192,3/02/2026,24/02/2026,N,N,Y,UR,96,R
Melaleuca quinquenervia,NSW1074318,193,3/02/2026,24/02/2026,N,N,Y,UR,36,R
Melaleuca quinquenervia,NSW1074318,195,3/02/2026,24/02/2026,Y,Y,N,UR,33,R
Melaleuca quinquenervia,NSW1074318,196,3/02/2026,24/02/2026,N,N,Y,R,20,HR
Melaleuca quinquenervia,NSW1074318,197,3/02/2026,24/02/2026,Y,N,N,Mix,98,HR
Melaleuca quinquenervia,NSW1074318,198,3/02/2026,24/02/2026,N,Y,N,UR,52,HR
Melaleuca quinquenervia,NSW1074318,199,3/02/2026,24/02/2026,N,Y,Y,Mix,62,MS
Melaleuca quinquenervia,NSW1074324,205,3/02/2026,24/02/2026,N,N,Y,R,35,R
Melaleuca quinquenervia,NSW1075719,206,3/02/2026,24/02/2026,N,N,N,R,15,MS
Melaleuca quinquenervia,NSW1074324,209,3/02/2026,24/02/2026,N,N,Y,N,73,HR
Melaleuca quinquenervia,NSW1075719,210,3/02/2026,24/02/2026,N,Y,Y,R,9,MS
Melaleuca quinquenervia,NSW1074324,211,3/02/2026,24/02/2026,N,N,Y,N,38,R
Melaleuca quinquenervia,NSW1075719,212,3/02/2026,24/02/2026,N,Y,Y,Mix,17,MS
Melaleuca quinquenervia,NSW1075719,218,3/02/2026,24/02/2026,Y,N,N,UR,42,S
Melaleuca quinquenervia,NSW1074324,221,3/02/2026,24/02/2026,Y,Y,N,R,65,R
Melaleuca quinquenervia,NSW1074324,225,3/02/2026,24/02/2026,N,N,Y,UR,96,R
Melaleuca quinquenervia,NSW1075719,228,3/02/2026,24/02/2026,Y,N,Y,Mix,63,R
Melaleuca quinquenervia,NSW1074429,229,3/02/2026,24/02/2026,Y,Y,N,N,90,HR
Melaleuca quinquenervia,NSW1074429,231,3/02/2026,24/02/2026,Y,N,Y,UR,23,HR
Melaleuca quinquenervia,NSW1074429,233,3/02/2026,24/02/2026,N,N,Y,UR,42,HR
Melaleuca quinquenervia,NSW1074429,237,3/02/2026,24/02/2026,Y,N,N,UR,17,MS
Melaleuca quinquenervia,NSW1075723,242,3/02/2026,24/02/2026,N,N,Y,Mix,78,R
Melaleuca quinquenervia,NSW1075723,245,3/02/2026,24/02/2026,Y,Y,Y,UR,68,MS
Melaleuca quinquenervia,NSW1075723,248,3/02/2026,24/02/2026,N,N,N,R,38,MS
Melaleuca quinquenervia,NSW1075723,249,3/02/2026,24/02/2026,N,Y,Y,UR,6,R
Melaleuca quinquenervia,NSW1074334,253,3/02/2026,24/02/2026,Y,N,N,UR,35,MS
Melaleuca quinquenervia,NSW1074334,254,3/02/2026,24/02/2026,Y,N,Y,UR,78,HR
Melaleuca quinquenervia,NSW1074334,255,3/02/2026,24/02/2026,Y,Y,Y,R,78,MS
Melaleuca quinquenervia,NSW1074334,256,3/02/2026,24/02/2026,Y,N,Y,N,69,R
Melaleuca quinquenervia,NSW1074334,258,3/02/2026,24/02/2026,N,N,Y,R,13,MS
Melaleuca quinquenervia,NSW1074334,259,3/02/2026,24/02/2026,N,N,Y,UR,57,S
Melaleuca quinquenervia,NSW1074334,261,3/02/2026,24/02/2026,N,N,N,R,61,R
Melaleuca quinquenervia,NSW1074334,264,3/02/2026,24/02/2026,Y,N,N,Mix,13,R
Melaleuca quinquenervia,NSW1074339,266,3/02/2026,24/02/2026,Y,Y,Y,R,75,R
Melaleuca quinquenervia,NSW1074339,268,3/02/2026,24/02/2026,Y,Y,N,R,59,HR
Melaleuca quinquenervia,NSW1074339,269,3/02/2026,24/02/2026,Y,Y,N,UR,43,HR
Melaleuca quinquenervia,NSW1074339,272,3/02/2026,24/02/2026,Y,N,N,R,4,HR
Melaleuca quinquenervia,NSW1074339,273,3/02/2026,24/02/2026,Y,N,Y,UR,0,MS
Melaleuca quinquenervia,NSW1074339,274,3/02/2026,24/02/2026,Y,Y,N,Mix,58,R
Melaleuca quinquenervia,NSW1074339,276,3/02/2026,24/02/2026,N,N,N,UR,69,MS
Melaleuca quinquenervia,NSW1074398,279,3/02/2026,24/02/2026,Y,Y,N,UR,59,HR
Melaleuca quinquenervia,NSW1074398,283,3/02/2026,24/02/2026,N,Y,Y,N,99,MS
Melaleuca quinquenervia,NSW1074398,285,3/02/2026,24/02/2026,Y,N,N,UR,41,R
Melaleuca quinquenervia,NSW1074423,289,3/02/2026,24/02/2026,Y,Y,N,Mix,6,MS
Melaleuca quinquenervia,NSW1074423,291,3/02/2026,24/02/2026,N,Y,N,R,92,S
Melaleuca quinquenervia,NSW1074423,292,3/02/2026,24/02/2026,Y,Y,N,UR,38,R
Melaleuca quinquenervia,NSW1074423,293,3/02/2026,24/02/2026,Y,Y,N,Mix,34,R
Melaleuca quinquenervia,NSW1074423,294,3/02/2026,24/02/2026,N,N,Y,UR,93,R
Melaleuca quinquenervia,NSW1074423,295,3/02/2026,24/02/2026,N,Y,N,Mix,15,HR
Melaleuca quinquenervia,NSW1074423,297,3/02/2026,24/02/2026,Y,Y,N,Mix,47,HR
Melaleuca quinquenervia,NSW1074423,298,3/02/2026,24/02/2026,Y,Y,N,Mix,88,HR
Melaleuca quinquenervia,NSW1074423,299,3/02/2026,24/02/2026,Y,N,N,Mix,62,MS
Melaleuca quinquenervia,NSW1075706,302,3/02/2026,24/02/2026,N,Y,Y,R,13,R
Melaleuca quinquenervia,NSW1075706,304,3/02/2026,24/02/2026,Y,Y,Y,UR,70,MS
Melaleuca quinquenervia,NSW1074428,305,3/02/2026,24/02/2026,Y,Y,Y,N,32,MS
Melaleuca quinquenervia,NSW1074329,325,3/02/2026,24/02/2026,N,N,Y,UR,54,R
Melaleuca quinquenervia,NSW1074329,327,3/02/2026,24/02/2026,Y,Y,Y,R,6,MS
Melaleuca quinquenervia,NSW1074329,328,3/02/2026,24/02/2026,N,Y,Y,R,14,HR
Melaleuca quinquenervia,NSW1074329,331,3/02/2026,24/02/2026,Y,N,N,N,71,MS
Melaleuca quinquenervia,NSW1074329,334,3/02/2026,24/02/2026,Y,Y,Y,R,70,R
Melaleuca quinquenervia,NSW1074329,336,3/02/2026,24/02/2026,N,N,Y,N,28,MS
Melaleuca quinquenervia,NSW1074433,337,3/02/2026,24/02/2026,N,N,N,UR,45,S
Melaleuca quinquenervia,NSW1074433,339,3/02/2026,24/02/2026,Y,Y,Y,Mix,72,R
Melaleuca quinquenervia,NSW1074433,340,3/02/2026,24/02/2026,Y,Y,N,R,36,R
Melaleuca quinquenervia,NSW1074433,341,3/02/2026,24/02/2026,Y,Y,Y,UR,18,R
Melaleuca quinquenervia,NSW1074433,344,3/02/2026,24/02/2026,N,N,Y,Mix,96,HR
Melaleuca quinquenervia,NSW1074453,349,3/02/2026,24/02/2026,N,Y,N,N,94,HR
Melaleuca quinquenervia,NSW1074453,351,3/02/2026,24/02/2026,N,Y,Y,UR,96,HR
Melaleuca quinquenervia,NSW1074453,357,3/02/2026,24/02/2026,N,N,N,N,66,MS
Melaleuca quinquenervia,NSW1074453,358,3/02/2026,24/02/2026,Y,N,Y,Mix,96,R
Melaleuca quinquenervia,NSW1074458,361,3/02/2026,24/02/2026,Y,Y,Y,Mix,12,MS
Melaleuca quinquenervia,NSW1074458,370,3/02/2026,24/02/2026,Y,N,N,UR,24,HR
Melaleuca quinquenervia,NSW1074458,371,3/02/2026,24/02/2026,Y,Y,N,R,30,MS
Melaleuca quinquenervia,NSW1078636,373,3/02/2026,24/02/2026,N,Y,N,N,89,R
Melaleuca quinquenervia,NSW1078636,374,3/02/2026,24/02/2026,N,N,Y,R,47,MS
Melaleuca quinquenervia,NSW1078636,375,3/02/2026,24/02/2026,N,N,N,UR,71,S
Melaleuca quinquenervia,NSW1078636,376,3/02/2026,24/02/2026,N,Y,N,Mix,68,R
Melaleuca quinquenervia,NSW1078636,377,3/02/2026,24/02/2026,N,N,Y,R,84,R
Melaleuca quinquenervia,NSW1078636,378,3/02/2026,24/02/2026,Y,N,Y,Mix,81,R
Melaleuca quinquenervia,NSW1078636,379,3/02/2026,24/02/2026,N,Y,Y,Mix,44,HR
Melaleuca quinquenervia,NSW1078636,380,3/02/2026,24/02/2026,N,N,Y,R,87,HR
Melaleuca quinquenervia,NSW1078636,381,3/02/2026,24/02/2026,Y,Y,N,N,70,HR
Melaleuca quinquenervia,NSW1078636,382,3/02/2026,24/02/2026,Y,N,N,N,78,MS
Melaleuca quinquenervia,NSW1078636,384,3/02/2026,24/02/2026,Y,N,N,Mix,85,R
Melaleuca quinquenervia,NSW1078637,385,3/02/2026,24/02/2026,Y,Y,Y,R,78,MS
Melaleuca quinquenervia,NSW1078637,386,3/02/2026,24/02/2026,Y,N,Y,N,94,R
Melaleuca quinquenervia,NSW1078637,387,3/02/2026,24/02/2026,N,N,Y,Mix,80,R
Melaleuca quinquenervia,NSW1078637,389,3/02/2026,24/02/2026,N,N,N,N,24,HR
Melaleuca quinquenervia,NSW1078637,391,3/02/2026,24/02/2026,N,Y,N,N,50,HR
Melaleuca quinquenervia,NSW1078637,392,3/02/2026,24/02/2026,N,N,Y,R,39,HR
Melaleuca quinquenervia,NSW1078637,393,3/02/2026,24/02/2026,Y,Y,Y,R,42,MS
Melaleuca quinquenervia,NSW1078637,394,3/02/2026,24/02/2026,N,N,Y,Mix,15,R
Melaleuca quinquenervia,NSW1078637,395,3/02/2026,24/02/2026,Y,Y,N,N,57,MS
Melaleuca quinquenervia,NSW1078637,396,3/02/2026,24/02/2026,N,N,Y,R,60,MS
Melaleuca quinquenervia,NSW1078640,397,3/02/2026,24/02/2026,Y,Y,N,N,99,R
Melaleuca quinquenervia,NSW1078640,398,3/02/2026,24/02/2026,Y,Y,Y,R,62,MS
Melaleuca quinquenervia,NSW1078640,399,3/02/2026,24/02/2026,N,N,Y,UR,86,HR
Melaleuca quinquenervia,NSW1078640,400,3/02/2026,24/02/2026,N,N,N,R,49,MS
Melaleuca quinquenervia,NSW1078640,401,3/02/2026,24/02/2026,Y,Y,Y,UR,97,R
Melaleuca quinquenervia,NSW1078640,402,3/02/2026,24/02/2026,N,Y,Y,UR,73,MS
Melaleuca quinquenervia,NSW1078640,406,3/02/2026,24/02/2026,Y,Y,N,UR,11,S
Melaleuca quinquenervia,NSW1078640,407,3/02/2026,24/02/2026,Y,Y,Y,UR,19,R
Melaleuca quinquenervia,NSW1078641,411,3/02/2026,24/02/2026,Y,N,N,R,81,R
Melaleuca quinquenervia,NSW1078641,413,3/02/2026,24/02/2026,Y,Y,N,Mix,61,R
Melaleuca quinquenervia,NSW1078641,415,3/02/2026,24/02/2026,Y,N,Y,R,21,HR
Melaleuca quinquenervia,NSW1078641,417,3/02/2026,24/02/2026,N,Y,Y,Mix,95,HR
Melaleuca quinquenervia,NSW1078641,419,3/02/2026,24/02/2026,Y,N,Y,Mix,59,HR
Melaleuca quinquenervia,NSW1078641,421,3/02/2026,24/02/2026,N,N,N,R,46,MS
Melaleuca quinquenervia,NSW1078641,425,3/02/2026,24/02/2026,N,Y,N,Mix,32,R
Melaleuca quinquenervia,NSW1078641,427,3/02/2026,24/02/2026,Y,N,N,R,33,MS
Melaleuca quinquenervia,NSW1078641,429,3/02/2026,24/02/2026,Y,N,N,Mix,40,HR
Melaleuca quinquenervia,NSW1078642,437,3/02/2026,24/02/2026,Y,N,Y,R,11,MS
Melaleuca quinquenervia,NSW1078642,439,3/02/2026,24/02/2026,Y,N,N,R,35,R
Melaleuca quinquenervia,NSW1078642,440,3/02/2026,24/02/2026,N,N,N,Mix,32,MS
Melaleuca quinquenervia,NSW1078642,442,3/02/2026,24/02/2026,Y,Y,N,Mix,63,S
Melaleuca quinquenervia,NSW1078645,449,3/02/2026,24/02/2026,N,Y,Y,UR,82,R
Melaleuca quinquenervia,NSW1078645,450,3/02/2026,24/02/2026,N,Y,Y,Mix,69,R
Melaleuca quinquenervia,NSW1078645,451,3/02/2026,24/02/2026,N,N,N,N,51,R
Melaleuca quinquenervia,NSW1078645,452,3/02/2026,24/02/2026,N,N,N,Mix,24,HR
Melaleuca quinquenervia,NSW1078645,453,3/02/2026,24/02/2026,N,Y,Y,N,90,HR
Melaleuca quinquenervia,NSW1078645,454,3/02/2026,24/02/2026,Y,Y,Y,UR,69,HR
Melaleuca quinquenervia,NSW1078647,469,3/02/2026,24/02/2026,N,N,Y,R,43,MS
Melaleuca quinquenervia,NSW1078647,470,3/02/2026,24/02/2026,N,Y,N,R,8,R
Melaleuca quinquenervia,NSW1078647,471,3/02/2026,24/02/2026,Y,Y,N,N,57,MS
Melaleuca quinquenervia,NSW1078647,473,3/02/2026,24/02/2026,Y,N,Y,UR,48,MS
Melaleuca quinquenervia,NSW1078647,474,3/02/2026,24/02/2026,N,N,Y,R,78,R
Melaleuca quinquenervia,NSW1078647,475,3/02/2026,24/02/2026,Y,N,Y,R,66,MS
Melaleuca quinquenervia,NSW1078647,476,3/02/2026,24/02/2026,Y,Y,Y,Mix,25,HR
Melaleuca quinquenervia,NSW1078647,477,3/02/2026,24/02/2026,N,N,Y,Mix,89,MS
Melaleuca quinquenervia,NSW1078647,479,3/02/2026,24/02/2026,N,N,Y,UR,51,R
Melaleuca quinquenervia,NSW1078651,481,3/02/2026,24/02/2026,N,N,N,R,43,MS
Melaleuca quinquenervia,NSW1078651,483,3/02/2026,24/02/2026,N,Y,Y,N,0,S
Melaleuca quinquenervia,NSW1078651,486,3/02/2026,24/02/2026,N,Y,Y,Mix,45,R
Melaleuca quinquenervia,NSW1078651,487,3/02/2026,24/02/2026,Y,N,N,Mix,86,R
Melaleuca quinquenervia,NSW1078651,488,3/02/2026,24/02/2026,N,Y,Y,N,40,R
Melaleuca quinquenervia,NSW1078652,493,3/02/2026,24/02/2026,Y,N,N,Mix,15,HR
Melaleuca quinquenervia,NSW1078652,494,3/02/2026,24/02/2026,N,Y,Y,UR,45,HR
Melaleuca quinquenervia,NSW1078652,496,3/02/2026,24/02/2026,Y,Y,N,Mix,67,HR
Melaleuca quinquenervia,NSW1078652,497,3/02/2026,24/02/2026,Y,Y,N,N,98,MS
Melaleuca quinquenervia,NSW1078652,499,3/02/2026,24/02/2026,N,N,Y,N,43,R
Melaleuca quinquenervia,NSW1078652,500,3/02/2026,24/02/2026,Y,N,N,UR,23,MS
Melaleuca quinquenervia,NSW1078652,501,3/02/2026,24/02/2026,N,Y,N,R,1,HR
Melaleuca quinquenervia,NSW1078652,502,3/02/2026,24/02/2026,N,Y,Y,UR,1,MS
Melaleuca quinquenervia,NSW1078653,505,3/02/2026,24/02/2026,Y,Y,N,R,63,R
Melaleuca quinquenervia,NSW1078653,507,3/02/2026,24/02/2026,N,Y,N,R,27,MS
Melaleuca quinquenervia,NSW1078653,508,3/02/2026,24/02/2026,N,N,N,UR,79,S
Melaleuca quinquenervia,NSW1078653,509,3/02/2026,24/02/2026,Y,N,Y,R,45,R
Melaleuca quinquenervia,NSW1078653,511,3/02/2026,24/02/2026,N,N,Y,R,26,R
Melaleuca quinquenervia,NSW1078653,512,3/02/2026,24/02/2026,N,N,N,Mix,70,R
Melaleuca quinquenervia,NSW1078653,514,3/02/2026,24/02/2026,N,Y,Y,UR,29,HR
Melaleuca quinquenervia,NSW1078653,515,3/02/2026,24/02/2026,Y,N,N,N,97,HR
Melaleuca quinquenervia,NSW1078653,516,3/02/2026,24/02/2026,N,N,N,UR,61,HR
Melaleuca quinquenervia,NSW1078654,517,3/02/2026,24/02/2026,Y,Y,Y,UR,93,MS
Melaleuca quinquenervia,NSW1078654,518,3/02/2026,24/02/2026,N,Y,Y,R,68,R
Melaleuca quinquenervia,NSW1078654,519,3/02/2026,24/02/2026,N,Y,Y,R,93,MS
Melaleuca quinquenervia,NSW1078654,520,3/02/2026,24/02/2026,N,N,N,R,65,R
Melaleuca quinquenervia,NSW1078654,522,3/02/2026,24/02/2026,Y,N,Y,R,95,R
Melaleuca quinquenervia,NSW1078654,523,3/02/2026,24/02/2026,N,Y,Y,Mix,66,HR
Melaleuca quinquenervia,NSW1078654,524,3/02/2026,24/02/2026,N,N,Y,UR,54,HR
Melaleuca quinquenervia,NSW1078654,525,3/02/2026,24/02/2026,N,Y,N,UR,11,HR
Melaleuca quinquenervia,NSW1078654,528,3/02/2026,24/02/2026,N,Y,N,Mix,87,MS
Melaleuca quinquenervia,NSW1078656,529,3/02/2026,24/02/2026,N,Y,N,Mix,14,R
Melaleuca quinquenervia,NSW1078656,530,3/02/2026,24/02/2026,Y,Y,N,R,29,MS
Melaleuca quinquenervia,NSW1078656,533,3/02/2026,24/02/2026,N,N,N,Mix,98,MS
Melaleuca quinquenervia,NSW1078656,534,3/02/2026,24/02/2026,N,Y,N,R,84,R
Melaleuca quinquenervia,NSW1078656,535,3/02/2026,24/02/2026,N,Y,Y,N,73,MS
Melaleuca quinquenervia,NSW1078656,537,3/02/2026,24/02/2026,N,N,Y,N,38,HR
Melaleuca quinquenervia,NSW1078657,541,3/02/2026,24/02/2026,Y,Y,Y,R,54,MS
Melaleuca quinquenervia,NSW1078657,542,3/02/2026,24/02/2026,N,Y,Y,Mix,82,R
Melaleuca quinquenervia,NSW1078657,544,3/02/2026,24/02/2026,Y,N,Y,Mix,50,MS
Melaleuca quinquenervia,NSW1078657,545,3/02/2026,24/02/2026,Y,N,N,UR,45,S
Melaleuca quinquenervia,NSW1078657,547,3/02/2026,24/02/2026,N,N,N,R,92,R
Melaleuca quinquenervia,NSW1078657,550,3/02/2026,24/02/2026,N,Y,N,R,64,R
Melaleuca quinquenervia,NSW1078657,552,3/02/2026,24/02/2026,Y,N,N,N,62,R
Melaleuca quinquenervia,NSW1078658,555,3/02/2026,24/02/2026,Y,N,Y,UR,87,HR
Melaleuca quinquenervia,NSW1078658,557,3/02/2026,24/02/2026,Y,N,Y,UR,38,HR
Melaleuca quinquenervia,NSW1078658,559,3/02/2026,24/02/2026,Y,N,N,R,64,HR
Melaleuca quinquenervia,NSW1078658,560,3/02/2026,24/02/2026,Y,N,Y,R,92,MS
Melaleuca quinquenervia,NSW1078658,563,3/02/2026,24/02/2026,Y,N,Y,N,57,R
Melaleuca quinquenervia,NSW1078658,564,3/02/2026,24/02/2026,N,Y,N,R,0,MS
Melaleuca quinquenervia,NSW1078660,565,3/02/2026,24/02/2026,Y,Y,Y,UR,29,HR
Melaleuca quinquenervia,NSW1078660,567,3/02/2026,24/02/2026,N,N,N,N,68,MS
Melaleuca quinquenervia,NSW1078660,572,3/02/2026,24/02/2026,Y,N,Y,UR,67,R
Melaleuca quinquenervia,NSW1078660,574,3/02/2026,24/02/2026,Y,Y,Y,N,90,MS
Melaleuca quinquenervia,NSW1078662,577,3/02/2026,24/02/2026,Y,N,N,UR,50,S
Melaleuca quinquenervia,NSW1078662,579,3/02/2026,24/02/2026,N,Y,Y,Mix,42,R
Melaleuca quinquenervia,NSW1078662,581,3/02/2026,24/02/2026,N,N,N,N,86,R
Melaleuca quinquenervia,NSW1078662,583,3/02/2026,24/02/2026,Y,Y,Y,R,68,R
Melaleuca quinquenervia,NSW1078662,585,3/02/2026,24/02/2026,N,N,Y,N,1,HR
Melaleuca quinquenervia,NSW1078662,587,3/02/2026,24/02/2026,N,Y,Y,R,45,HR
Melaleuca quinquenervia,NSW1075721,590,3/02/2026,24/02/2026,N,Y,Y,R,53,HR
Melaleuca quinquenervia,NSW1078662,591,3/02/2026,24/02/2026,N,N,N,UR,8,MS
Melaleuca quinquenervia,NSW1078662,597,3/02/2026,24/02/2026,N,N,Y,Mix,47,R
Melaleuca quinquenervia,NSW1078662,599,3/02/2026,24/02/2026,Y,N,Y,Mix,14,MS
Melaleuca quinquenervia,NSW1078713,611,3/02/2026,24/02/2026,N,N,N,N,9,MS
Melaleuca quinquenervia,NSW1079653,622,3/02/2026,24/02/2026,N,N,Y,N,69,R
Melaleuca quinquenervia,NSW1079654,625,3/02/2026,24/02/2026,Y,Y,N,N,100,MS
Melaleuca quinquenervia,NSW1079654,626,3/02/2026,24/02/2026,Y,Y,N,Mix,56,HR
Melaleuca quinquenervia,NSW1079654,627,3/02/2026,24/02/2026,Y,Y,Y,UR,30,MS
Melaleuca quinquenervia,NSW1079654,628,3/02/2026,24/02/2026,N,N,N,N,43,R
Melaleuca quinquenervia,NSW1079654,629,3/02/2026,24/02/2026,N,N,Y,R,98,MS
Melaleuca quinquenervia,NSW1079654,630,3/02/2026,24/02/2026,N,Y,Y,Mix,6,S
Melaleuca quinquenervia,NSW1079654,631,3/02/2026,24/02/2026,N,N,Y,Mix,33,R
Melaleuca quinquenervia,NSW1079654,635,3/02/2026,24/02/2026,N,N,N,UR,53,R
Melaleuca quinquenervia,NSW1079654,636,3/02/2026,24/02/2026,Y,Y,Y,R,53,R
Melaleuca quinquenervia,NSW1079658,637,3/02/2026,24/02/2026,N,N,Y,Mix,66,HR
Melaleuca quinquenervia,NSW1079658,638,3/02/2026,24/02/2026,Y,Y,N,N,4,HR
Melaleuca quinquenervia,NSW1079658,640,3/02/2026,24/02/2026,N,N,N,R,20,HR
Melaleuca quinquenervia,NSW1079658,641,3/02/2026,24/02/2026,N,N,N,R,14,MS
Melaleuca quinquenervia,NSW1079658,642,3/02/2026,24/02/2026,N,N,N,N,33,R
Melaleuca quinquenervia,NSW1079658,644,3/02/2026,24/02/2026,N,Y,Y,N,86,MS
Melaleuca quinquenervia,NSW1079658,645,3/02/2026,24/02/2026,N,Y,N,Mix,99,HR
Melaleuca quinquenervia,NSW1079658,646,3/02/2026,24/02/2026,Y,Y,N,UR,62,MS
Melaleuca quinquenervia,NSW1079658,648,3/02/2026,24/02/2026,N,Y,N,N,0,R
Melaleuca quinquenervia,NSW1079670,649,3/02/2026,24/02/2026,Y,N,Y,R,3,MS
Melaleuca quinquenervia,NSW1079670,650,3/02/2026,24/02/2026,N,N,Y,R,61,S
Melaleuca quinquenervia,NSW1079670,651,3/02/2026,24/02/2026,N,N,N,UR,73,R
Melaleuca quinquenervia,NSW1079670,652,3/02/2026,24/02/2026,Y,N,N,Mix,86,R
Melaleuca quinquenervia,NSW1079670,653,3/02/2026,24/02/2026,N,N,Y,UR,91,R
Melaleuca quinquenervia,NSW1079670,654,3/02/2026,24/02/2026,Y,Y,N,R,64,HR
Melaleuca quinquenervia,NSW1079670,656,3/02/2026,24/02/2026,Y,Y,N,N,67,HR
Melaleuca quinquenervia,NSW1079670,657,3/02/2026,24/02/2026,Y,Y,Y,R,29,HR
Melaleuca quinquenervia,NSW1079670,658,3/02/2026,24/02/2026,Y,Y,Y,R,46,MS
Melaleuca quinquenervia,NSW1079670,659,3/02/2026,24/02/2026,N,N,N,UR,100,R
Melaleuca quinquenervia,NSW1079671,662,3/02/2026,24/02/2026,N,N,N,R,72,MS
Melaleuca quinquenervia,NSW1079671,665,3/02/2026,24/02/2026,Y,N,N,Mix,1,R
Melaleuca quinquenervia,NSW1079672,673,3/02/2026,24/02/2026,N,N,Y,UR,4,R
Melaleuca quinquenervia,NSW1079672,674,3/02/2026,24/02/2026,N,Y,N,Mix,82,HR
Melaleuca quinquenervia,NSW1079672,679,3/02/2026,24/02/2026,N,N,Y,UR,90,HR
Melaleuca quinquenervia,NSW1079672,683,3/02/2026,24/02/2026,N,N,Y,UR,30,HR
Melaleuca quinquenervia,NSW1079675,685,3/02/2026,24/02/2026,Y,N,N,Mix,17,MS
Melaleuca quinquenervia,NSW1079675,686,3/02/2026,24/02/2026,N,N,N,N,71,R
Melaleuca quinquenervia,NSW1079675,687,3/02/2026,24/02/2026,N,Y,Y,Mix,99,MS
Melaleuca quinquenervia,NSW1079675,692,3/02/2026,24/02/2026,Y,Y,N,N,25,MS
Melaleuca quinquenervia,NSW1079675,694,3/02/2026,24/02/2026,N,N,N,R,28,R
Melaleuca quinquenervia,NSW1079675,695,3/02/2026,24/02/2026,N,N,Y,N,40,MS
Melaleuca quinquenervia,NSW1079675,696,3/02/2026,24/02/2026,Y,N,N,Mix,81,HR
Melaleuca quinquenervia,NSW1079677,697,3/02/2026,24/02/2026,Y,Y,N,N,22,MS
Melaleuca quinquenervia,NSW1079677,698,3/02/2026,24/02/2026,N,N,N,UR,54,R
Melaleuca quinquenervia,NSW1079677,699,3/02/2026,24/02/2026,N,N,Y,Mix,3,MS
Melaleuca quinquenervia,NSW1079677,700,3/02/2026,24/02/2026,Y,N,N,Mix,87,S
Melaleuca quinquenervia,NSW1079677,701,3/02/2026,24/02/2026,N,Y,N,Mix,98,R
Melaleuca quinquenervia,NSW1079677,702,3/02/2026,24/02/2026,Y,N,Y,N,73,R
Melaleuca quinquenervia,NSW1079677,703,3/02/2026,24/02/2026,Y,N,Y,R,62,R
Melaleuca quinquenervia,NSW1079677,704,3/02/2026,24/02/2026,Y,N,Y,R,86,HR
Melaleuca quinquenervia,NSW1079677,706,3/02/2026,24/02/2026,Y,Y,N,N,31,HR
Melaleuca quinquenervia,NSW1079677,707,3/02/2026,24/02/2026,Y,N,Y,Mix,74,HR
Melaleuca quinquenervia,NSW1079680,709,3/02/2026,24/02/2026,Y,N,N,Mix,79,MS
Melaleuca quinquenervia,NSW1079680,711,3/02/2026,24/02/2026,N,N,N,UR,66,R
Melaleuca quinquenervia,NSW1079680,712,3/02/2026,24/02/2026,Y,Y,N,Mix,33,MS
Melaleuca quinquenervia,NSW1079680,713,3/02/2026,24/02/2026,Y,N,Y,Mix,57,HR
Melaleuca quinquenervia,NSW1079680,714,3/02/2026,24/02/2026,N,Y,N,UR,28,MS
Melaleuca quinquenervia,NSW1079680,716,3/02/2026,24/02/2026,N,Y,Y,N,3,R
Melaleuca quinquenervia,NSW1079680,717,3/02/2026,24/02/2026,Y,N,N,Mix,35,MS
Melaleuca quinquenervia,NSW1079680,718,3/02/2026,24/02/2026,Y,N,Y,Mix,46,S
Melaleuca quinquenervia,NSW1079681,726,3/02/2026,24/02/2026,N,Y,Y,R,23,R
Melaleuca quinquenervia,NSW1079681,732,3/02/2026,24/02/2026,N,N,Y,N,1,R
Melaleuca quinquenervia,NSW1079682,733,3/02/2026,24/02/2026,Y,N,N,R,11,R
Melaleuca quinquenervia,NSW1079682,734,3/02/2026,24/02/2026,Y,N,Y,Mix,68,HR
Melaleuca quinquenervia,NSW1079682,735,3/02/2026,24/02/2026,N,Y,N,Mix,99,HR
Melaleuca quinquenervia,NSW1079682,736,3/02/2026,24/02/2026,N,N,Y,R,6,HR
Melaleuca quinquenervia,NSW1079682,737,3/02/2026,24/02/2026,Y,N,N,R,69,MS
Melaleuca quinquenervia,NSW1079682,738,3/02/2026,24/02/2026,Y,Y,Y,UR,66,R
Melaleuca quinquenervia,NSW1079682,740,3/02/2026,24/02/2026,N,Y,N,Mix,59,MS
Melaleuca quinquenervia,NSW1079682,741,3/02/2026,24/02/2026,Y,Y,N,N,64,MS
Melaleuca quinquenervia,NSW1079682,742,3/02/2026,24/02/2026,N,Y,Y,Mix,82,R
Melaleuca quinquenervia,NSW1079682,743,3/02/2026,24/02/2026,Y,Y,Y,R,70,MS
Melaleuca quinquenervia,NSW1079686,748,3/02/2026,24/02/2026,N,N,N,Mix,98,HR
Melaleuca quinquenervia,NSW1079687,757,3/02/2026,24/02/2026,Y,N,N,N,41,MS
Melaleuca quinquenervia,NSW1079687,758,3/02/2026,24/02/2026,N,Y,Y,UR,85,R
Melaleuca quinquenervia,NSW1079687,762,3/02/2026,24/02/2026,Y,Y,N,R,57,MS
Melaleuca quinquenervia,NSW1079687,764,3/02/2026,24/02/2026,Y,Y,Y,UR,68,S
Melaleuca quinquenervia,NSW1079687,765,3/02/2026,24/02/2026,N,Y,Y,R,39,R
Melaleuca quinquenervia,NSW1079691,769,3/02/2026,24/02/2026,N,N,Y,N,33,R
Melaleuca quinquenervia,NSW1079691,770,3/02/2026,24/02/2026,N,N,N,UR,71,R
Melaleuca quinquenervia,NSW1079691,772,3/02/2026,24/02/2026,Y,N,Y,UR,65,HR
Melaleuca quinquenervia,NSW1079691,774,3/02/2026,24/02/2026,N,Y,N,N,87,HR
Melaleuca quinquenervia,NSW1079691,779,3/02/2026,24/02/2026,N,Y,Y,Mix,43,HR
Melaleuca quinquenervia,NSW1079692,782,3/02/2026,24/02/2026,Y,Y,N,UR,33,MS
Melaleuca quinquenervia,NSW1079692,790,3/02/2026,24/02/2026,Y,Y,N,R,23,R
Melaleuca quinquenervia,NSW1079692,791,3/02/2026,24/02/2026,N,N,N,N,49,MS
Melaleuca quinquenervia,NSW1079696,795,3/02/2026,24/02/2026,N,N,Y,R,81,HR
Melaleuca quinquenervia,NSW1079696,797,3/02/2026,24/02/2026,Y,N,N,Mix,42,MS
Melaleuca quinquenervia,NSW1079696,799,3/02/2026,24/02/2026,Y,Y,Y,Mix,67,R
Melaleuca quinquenervia,NSW1079696,801,3/02/2026,24/02/2026,Y,Y,N,N,9,MS
Melaleuca quinquenervia,NSW1079696,803,3/02/2026,24/02/2026,N,N,N,Mix,10,S
Melaleuca quinquenervia,NSW1079696,805,3/02/2026,24/02/2026,Y,N,N,R,48,R
Melaleuca quinquenervia,NSW1079696,809,3/02/2026,24/02/2026,N,N,Y,UR,31,R
Melaleuca quinquenervia,NSW1079696,811,3/02/2026,24/02/2026,Y,N,Y,N,40,R
Melaleuca quinquenervia,NSW1079696,813,3/02/2026,24/02/2026,N,Y,N,Mix,95,HR
Melaleuca quinquenervia,NSW1079696,815,3/02/2026,24/02/2026,Y,Y,N,UR,31,HR
Melaleuca quinquenervia,NSW1079697,819,3/02/2026,24/02/2026,N,Y,Y,R,73,HR
Melaleuca quinquenervia,NSW1079697,822,3/02/2026,24/02/2026,N,N,N,Mix,18,MS
Melaleuca quinquenervia,NSW1079697,824,3/02/2026,24/02/2026,N,Y,N,Mix,72,R
Melaleuca quinquenervia,NSW1079697,825,3/02/2026,24/02/2026,N,N,N,Mix,64,MS
Melaleuca quinquenervia,NSW1079697,826,3/02/2026,24/02/2026,N,Y,Y,Mix,64,R
Melaleuca quinquenervia,NSW1079701,829,3/02/2026,24/02/2026,Y,N,N,UR,4,R
Melaleuca quinquenervia,NSW1079701,830,3/02/2026,24/02/2026,Y,Y,N,N,45,HR
Melaleuca quinquenervia,NSW1079701,831,3/02/2026,24/02/2026,N,Y,N,R,5,HR
Melaleuca quinquenervia,NSW1079701,832,3/02/2026,24/02/2026,Y,Y,Y,R,6,HR
Melaleuca quinquenervia,NSW1079701,833,3/02/2026,24/02/2026,Y,N,N,UR,6,MS
Melaleuca quinquenervia,NSW1079701,834,3/02/2026,24/02/2026,N,Y,N,R,87,R
Melaleuca quinquenervia,NSW1079701,835,3/02/2026,24/02/2026,Y,Y,N,R,18,MS
Melaleuca quinquenervia,NSW1079701,837,3/02/2026,24/02/2026,N,Y,Y,UR,53,MS
Melaleuca quinquenervia,NSW1079701,838,3/02/2026,24/02/2026,Y,N,Y,UR,25,R
Melaleuca quinquenervia,NSW1079701,840,3/02/2026,24/02/2026,N,N,N,Mix,15,MS
Melaleuca quinquenervia,NSW1075707,844,3/02/2026,24/02/2026,N,Y,N,R,24,HR
Melaleuca quinquenervia,NSW1075707,846,3/02/2026,24/02/2026,Y,N,Y,R,97,MS
Melaleuca quinquenervia,NSW1079702,847,3/02/2026,24/02/2026,N,N,N,UR,27,R
Melaleuca quinquenervia,NSW1075707,848,3/02/2026,24/02/2026,Y,Y,N,R,91,MS
Melaleuca quinquenervia,NSW1079702,849,3/02/2026,24/02/2026,N,Y,N,R,69,S
Melaleuca quinquenervia,NSW1079702,853,3/02/2026,24/02/2026,N,Y,Y,Mix,82,R
Melaleuca quinquenervia,NSW1075707,856,3/02/2026,24/02/2026,N,Y,Y,Mix,33,R
Melaleuca quinquenervia,NSW1079702,861,3/02/2026,24/02/2026,N,Y,Y,Mix,66,R
Melaleuca quinquenervia,NSW1079703,865,3/02/2026,24/02/2026,Y,Y,Y,R,51,HR
Melaleuca quinquenervia,NSW1079703,866,3/02/2026,24/02/2026,N,N,Y,Mix,18,HR
Melaleuca quinquenervia,NSW1079703,867,3/02/2026,24/02/2026,Y,Y,Y,UR,57,HR
Melaleuca quinquenervia,NSW1079703,868,3/02/2026,24/02/2026,N,N,N,Mix,14,MS
Melaleuca quinquenervia,NSW1079703,869,3/02/2026,24/02/2026,Y,N,Y,N,38,R
Melaleuca quinquenervia,NSW1079703,872,3/02/2026,24/02/2026,Y,Y,N,Mix,17,MS
Melaleuca quinquenervia,NSW1079703,874,3/02/2026,24/02/2026,Y,Y,Y,R,66,HR
Melaleuca quinquenervia,NSW1079705,879,3/02/2026,24/02/2026,N,N,Y,N,49,MS
Melaleuca quinquenervia,NSW1079705,881,3/02/2026,24/02/2026,Y,N,N,N,30,R
Melaleuca quinquenervia,NSW1079705,882,3/02/2026,24/02/2026,Y,Y,N,UR,21,MS
Melaleuca quinquenervia,NSW1079705,884,3/02/2026,24/02/2026,N,Y,N,UR,44,S
Melaleuca quinquenervia,NSW1079705,885,3/02/2026,24/02/2026,Y,N,N,R,2,R
Melaleuca quinquenervia,NSW1079705,886,3/02/2026,24/02/2026,N,N,Y,UR,37,R
Melaleuca quinquenervia,NSW1079705,888,3/02/2026,24/02/2026,N,Y,N,N,65,R
Melaleuca quinquenervia,NSW1079706,893,3/02/2026,24/02/2026,N,Y,Y,Mix,66,HR
Melaleuca quinquenervia,NSW1079706,895,3/02/2026,24/02/2026,Y,Y,Y,UR,77,HR
Melaleuca quinquenervia,NSW1079706,901,3/02/2026,24/02/2026,N,Y,N,N,64,HR
Melaleuca quinquenervia,NSW1079706,905,3/02/2026,24/02/2026,N,N,Y,UR,24,MS
Melaleuca quinquenervia,NSW1079706,907,3/02/2026,24/02/2026,N,Y,N,N,54,R
Melaleuca quinquenervia,NSW1079707,914,3/02/2026,24/02/2026,N,N,Y,Mix,47,MS
Melaleuca quinquenervia,NSW1079707,917,3/02/2026,24/02/2026,Y,Y,Y,UR,19,MS
Melaleuca quinquenervia,NSW1079707,924,3/02/2026,24/02/2026,N,N,N,UR,11,R
Melaleuca quinquenervia,NSW1079708,927,3/02/2026,24/02/2026,N,N,Y,R,84,MS
Melaleuca quinquenervia,NSW1079708,929,3/02/2026,24/02/2026,Y,N,N,R,59,HR
Melaleuca quinquenervia,NSW1079708,932,3/02/2026,24/02/2026,N,Y,Y,R,89,MS
Melaleuca quinquenervia,NSW1079708,934,3/02/2026,24/02/2026,Y,Y,N,R,58,R
Melaleuca quinquenervia,NSW1079709,937,3/02/2026,24/02/2026,N,Y,Y,R,0,MS
Melaleuca quinquenervia,NSW1079709,948,3/02/2026,24/02/2026,N,N,N,UR,14,S
Melaleuca quinquenervia,NSW1079710,953,3/02/2026,24/02/2026,Y,N,N,Mix,88,R
Melaleuca quinquenervia,NSW1079710,954,3/02/2026,24/02/2026,N,N,N,N,57,R
Melaleuca quinquenervia,NSW1079710,958,3/02/2026,24/02/2026,N,Y,Y,N,40,R
Melaleuca quinquenervia,NSW1079711,961,3/02/2026,24/02/2026,Y,N,Y,Mix,56,HR
Melaleuca quinquenervia,NSW1079711,962,3/02/2026,24/02/2026,N,N,N,R,26,HR
Melaleuca quinquenervia,NSW1079711,963,3/02/2026,24/02/2026,N,Y,N,UR,84,HR
Melaleuca quinquenervia,NSW1079711,966,3/02/2026,24/02/2026,N,N,N,N,2,MS
Melaleuca quinquenervia,NSW1079711,967,3/02/2026,24/02/2026,Y,N,N,Mix,21,R
Melaleuca quinquenervia,NSW1079711,969,3/02/2026,24/02/2026,Y,N,Y,Mix,11,MS
Melaleuca quinquenervia,NSW1079711,970,3/02/2026,24/02/2026,Y,Y,Y,UR,93,HR
Melaleuca quinquenervia,NSW1079711,972,3/02/2026,24/02/2026,N,Y,Y,R,31,MS
Melaleuca quinquenervia,NSW1075712,973,3/02/2026,24/02/2026,N,Y,N,R,76,R
Melaleuca quinquenervia,NSW1075712,978,3/02/2026,24/02/2026,N,Y,N,R,54,MS
Melaleuca quinquenervia,NSW1075712,979,3/02/2026,24/02/2026,N,Y,Y,Mix,12,S
Melaleuca quinquenervia,NSW1075712,980,3/02/2026,24/02/2026,Y,N,N,UR,53,R
Melaleuca quinquenervia,NSW1075712,981,3/02/2026,24/02/2026,N,Y,Y,Mix,6,R
Melaleuca quinquenervia,NSW1075712,982,3/02/2026,24/02/2026,N,Y,N,UR,3,R
Melaleuca quinquenervia,NSW1075712,983,3/02/2026,24/02/2026,N,N,Y,UR,97,HR
Melaleuca quinquenervia,NSW1075712,984,3/02/2026,24/02/2026,N,N,Y,N,14,HR
Melaleuca quinquenervia,NSW1079713,985,3/02/2026,24/02/2026,Y,Y,N,R,8,HR
Melaleuca quinquenervia,NSW1079713,986,3/02/2026,24/02/2026,Y,Y,Y,Mix,91,MS
Melaleuca quinquenervia,NSW1079713,987,3/02/2026,24/02/2026,N,N,Y,N,43,R
Melaleuca quinquenervia,NSW1079713,988,3/02/2026,24/02/2026,Y,Y,Y,N,98,MS
Melaleuca quinquenervia,NSW1079713,989,3/02/2026,24/02/2026,Y,N,Y,N,74,R
Melaleuca quinquenervia,NSW1079713,991,3/02/2026,24/02/2026,N,Y,Y,N,92,R
Melaleuca quinquenervia,NSW1079713,992,3/02/2026,24/02/2026,N,N,Y,N,36,HR
Melaleuca quinquenervia,NSW1079713,993,3/02/2026,24/02/2026,Y,N,Y,N,24,HR
Melaleuca quinquenervia,NSW1079714,998,3/02/2026,24/02/2026,Y,N,Y,R,96,HR
Melaleuca quinquenervia,NSW1079714,999,3/02/2026,24/02/2026,N,Y,N,Mix,95,MS
Melaleuca quinquenervia,NSW1079714,1001,3/02/2026,24/02/2026,Y,N,N,R,98,R
Melaleuca quinquenervia,NSW1079714,1004,3/02/2026,24/02/2026,Y,N,Y,Mix,78,MS
Melaleuca quinquenervia,NSW1079714,1006,3/02/2026,24/02/2026,N,Y,N,UR,4,MS
Melaleuca quinquenervia,NSW1079714,1007,3/02/2026,24/02/2026,Y,N,N,R,47,R
Melaleuca quinquenervia,NSW1079715,1009,3/02/2026,24/02/2026,N,Y,N,Mix,81,MS
Melaleuca quinquenervia,NSW1079715,1010,3/02/2026,24/02/2026,Y,Y,Y,UR,95,HR
Melaleuca quinquenervia,NSW1079715,1012,3/02/2026,24/02/2026,N,N,N,UR,51,MS
Melaleuca quinquenervia,NSW1079715,1013,3/02/2026,24/02/2026,Y,Y,N,R,78,R
Melaleuca quinquenervia,NSW1079715,1016,3/02/2026,24/02/2026,N,N,Y,N,87,MS
Melaleuca quinquenervia,NSW1079715,1017,3/02/2026,24/02/2026,N,N,Y,Mix,8,S
Melaleuca quinquenervia,NSW1079715,1019,3/02/2026,24/02/2026,N,Y,Y,Mix,84,R
Melaleuca quinquenervia,NSW1079715,1020,3/02/2026,24/02/2026,Y,N,Y,UR,69,R
Melaleuca quinquenervia,NSW1079716,1021,3/02/2026,24/02/2026,N,Y,N,UR,82,R
Melaleuca quinquenervia,NSW1079716,1022,3/02/2026,24/02/2026,N,Y,Y,UR,28,HR
Melaleuca quinquenervia,NSW1079716,1023,3/02/2026,24/02/2026,Y,Y,N,N,21,HR
Melaleuca quinquenervia,NSW1079716,1025,3/02/2026,24/02/2026,Y,Y,Y,N,67,HR
Melaleuca quinquenervia,NSW1079716,1026,3/02/2026,24/02/2026,N,N,N,R,56,MS
Melaleuca quinquenervia,NSW1079716,1027,3/02/2026,24/02/2026,N,Y,N,Mix,14,R
Melaleuca quinquenervia,NSW1079716,1029,3/02/2026,24/02/2026,Y,Y,N,N,52,MS
Melaleuca quinquenervia,NSW1079716,1030,3/02/2026,24/02/2026,N,N,Y,Mix,23,HR
Melaleuca quinquenervia,NSW1079716,1031,3/02/2026,24/02/2026,N,Y,N,UR,53,MS
Melaleuca quinquenervia,NSW1079717,1036,3/02/2026,24/02/2026,N,Y,N,R,81,R
Melaleuca quinquenervia,NSW1079717,1041,3/02/2026,24/02/2026,N,Y,Y,N,42,MS
Melaleuca quinquenervia,NSW1079717,1043,3/02/2026,24/02/2026,N,Y,Y,N,85,S
Melaleuca quinquenervia,NSW1079718,1045,3/02/2026,24/02/2026,N,N,N,UR,20,R
Melaleuca quinquenervia,NSW1079718,1048,3/02/2026,24/02/2026,N,Y,N,N,37,R
Melaleuca quinquenervia,NSW1079718,1051,3/02/2026,24/02/2026,N,Y,N,R,11,R
Melaleuca quinquenervia,NSW1079718,1052,3/02/2026,24/02/2026,N,N,Y,UR,98,HR
Melaleuca quinquenervia,NSW1079718,1053,3/02/2026,24/02/2026,N,Y,Y,R,56,HR
Melaleuca quinquenervia,NSW1079718,1054,3/02/2026,24/02/2026,Y,Y,Y,N,64,HR
Melaleuca quinquenervia,NSW1079718,1055,3/02/2026,24/02/2026,N,N,N,R,5,MS
Melaleuca quinquenervia,NSW1079719,1057,3/02/2026,24/02/2026,N,Y,Y,Mix,13,R
Melaleuca quinquenervia,NSW1079719,1058,3/02/2026,24/02/2026,N,N,N,N,98,MS
Melaleuca quinquenervia,NSW1079719,1059,3/02/2026,24/02/2026,N,N,Y,Mix,32,MS
Melaleuca quinquenervia,NSW1079719,1063,3/02/2026,24/02/2026,Y,N,Y,R,76,R
Melaleuca quinquenervia,NSW1079719,1064,3/02/2026,24/02/2026,Y,Y,Y,Mix,60,MS
Melaleuca quinquenervia,NSW1079720,1070,3/02/2026,24/02/2026,Y,Y,Y,N,64,HR
Melaleuca quinquenervia,NSW1079720,1075,3/02/2026,24/02/2026,N,N,Y,R,88,MS
Melaleuca quinquenervia,NSW1079720,1076,3/02/2026,24/02/2026,Y,Y,Y,UR,22,R
Melaleuca quinquenervia,NSW1079720,1079,3/02/2026,24/02/2026,N,N,Y,UR,87,MS
Melaleuca quinquenervia,NSW1079721,1081,3/02/2026,24/02/2026,N,N,N,N,76,S
Melaleuca quinquenervia,NSW1079721,1082,3/02/2026,24/02/2026,Y,N,N,UR,79,R
Melaleuca quinquenervia,NSW1079721,1091,3/02/2026,24/02/2026,Y,N,Y,N,90,R
Melaleuca quinquenervia,NSW1079721,1092,3/02/2026,24/02/2026,N,N,N,R,11,R
Melaleuca quinquenervia,NSW1079722,1093,3/02/2026,24/02/2026,Y,N,Y,Mix,40,HR
Melaleuca quinquenervia,NSW1079722,1095,3/02/2026,24/02/2026,Y,N,N,UR,92,HR
Melaleuca quinquenervia,NSW1079722,1099,3/02/2026,24/02/2026,Y,Y,Y,Mix,2,HR
Melaleuca quinquenervia,NSW1079722,1101,3/02/2026,24/02/2026,N,N,N,Mix,70,MS
Melaleuca quinquenervia,NSW1079722,1103,3/02/2026,24/02/2026,Y,N,Y,N,79,R
Melaleuca quinquenervia,NSW1079722,1111,3/02/2026,24/02/2026,N,N,N,Mix,96,MS
Melaleuca quinquenervia,NSW1079723,1118,3/02/2026,24/02/2026,N,Y,N,UR,24,HR
Melaleuca quinquenervia,NSW1079723,1120,3/02/2026,24/02/2026,Y,N,Y,R,47,MS
Melaleuca quinquenervia,NSW1079723,1124,3/02/2026,24/02/2026,N,Y,N,R,32,R
Melaleuca quinquenervia,NSW1079723,1125,3/02/2026,24/02/2026,Y,Y,N,N,55,MS
Melaleuca quinquenervia,NSW1079723,1127,3/02/2026,24/02/2026,N,Y,Y,UR,16,S
Melaleuca quinquenervia,NSW1079724,1129,3/02/2026,24/02/2026,N,Y,Y,N,3,R
Melaleuca quinquenervia,NSW1079724,1130,3/02/2026,24/02/2026,N,N,Y,R,64,R
Melaleuca quinquenervia,NSW1079724,1131,3/02/2026,24/02/2026,N,N,Y,N,6,R
Melaleuca quinquenervia,NSW1079724,1132,3/02/2026,24/02/2026,Y,Y,Y,R,53,HR
Melaleuca quinquenervia,NSW1079724,1133,3/02/2026,24/02/2026,N,N,N,N,0,HR
Melaleuca quinquenervia,NSW1079724,1134,3/02/2026,24/02/2026,Y,Y,N,R,90,HR
Melaleuca quinquenervia,NSW1079724,1135,3/02/2026,24/02/2026,Y,N,N,R,0,MS
Melaleuca quinquenervia,NSW1079724,1138,3/02/2026,24/02/2026,Y,Y,Y,UR,65,R
Melaleuca quinquenervia,NSW1079724,1140,3/02/2026,24/02/2026,Y,Y,N,UR,85,MS
Melaleuca quinquenervia,NSW1079725,1143,3/02/2026,24/02/2026,Y,Y,Y,N,21,R
Melaleuca quinquenervia,NSW1079725,1147,3/02/2026,24/02/2026,N,N,Y,Mix,25,R
Melaleuca quinquenervia,NSW1079726,1154,3/02/2026,24/02/2026,Y,Y,Y,N,72,HR
Melaleuca quinquenervia,NSW1079726,1155,3/02/2026,24/02/2026,Y,N,N,Mix,59,HR
Melaleuca quinquenervia,NSW1079726,1156,3/02/2026,24/02/2026,N,Y,Y,Mix,11,HR
Melaleuca quinquenervia,NSW1079726,1159,3/02/2026,24/02/2026,Y,Y,Y,N,62,MS
Melaleuca quinquenervia,NSW1079726,1160,3/02/2026,24/02/2026,N,Y,N,UR,76,R
Melaleuca quinquenervia,NSW1079726,1161,3/02/2026,24/02/2026,N,N,N,Mix,62,MS
Melaleuca quinquenervia,NSW1079726,1162,3/02/2026,24/02/2026,N,Y,N,UR,75,MS
Melaleuca quinquenervia,NSW1079726,1163,3/02/2026,24/02/2026,Y,N,N,R,81,R
Melaleuca quinquenervia,NSW1079726,1164,3/02/2026,24/02/2026,Y,N,N,N,47,MS
Melaleuca quinquenervia,NSW1079727,1172,3/02/2026,24/02/2026,Y,Y,N,Mix,87,HR
Melaleuca quinquenervia,NSW1079728,1177,3/02/2026,24/02/2026,Y,N,Y,UR,89,MS
Melaleuca quinquenervia,NSW1079728,1179,3/02/2026,24/02/2026,N,Y,Y,UR,16,R
Melaleuca quinquenervia,NSW1079728,1185,3/02/2026,24/02/2026,Y,N,Y,N,87,MS
Melaleuca quinquenervia,NSW1079729,1189,3/02/2026,24/02/2026,Y,N,N,Mix,39,S
Melaleuca quinquenervia,NSW1079729,1193,3/02/2026,24/02/2026,Y,N,N,N,56,R
Melaleuca quinquenervia,NSW1079729,1194,3/02/2026,24/02/2026,N,Y,N,Mix,83,R
Melaleuca quinquenervia,NSW1079729,1200,3/02/2026,24/02/2026,Y,Y,N,UR,31,R
Melaleuca quinquenervia,NSW1079730,1202,3/02/2026,24/02/2026,N,N,N,Mix,39,HR
Melaleuca quinquenervia,NSW1079730,1203,3/02/2026,24/02/2026,Y,N,N,UR,1,HR
Melaleuca quinquenervia,NSW1079730,1205,3/02/2026,24/02/2026,Y,N,Y,R,52,HR
Melaleuca quinquenervia,NSW1079730,1210,3/02/2026,24/02/2026,N,N,N,UR,38,MS
Melaleuca quinquenervia,NSW1079731,1213,3/02/2026,24/02/2026,Y,N,N,N,52,R
Melaleuca quinquenervia,NSW1079731,1215,3/02/2026,24/02/2026,N,N,N,R,95,MS
Melaleuca quinquenervia,NSW1079731,1217,3/02/2026,24/02/2026,N,N,Y,Mix,35,HR
Melaleuca quinquenervia,NSW1079731,1219,3/02/2026,24/02/2026,N,N,Y,UR,38,MS
Melaleuca quinquenervia,NSW1079731,1223,3/02/2026,24/02/2026,Y,Y,N,N,84,R
Melaleuca quinquenervia,NSW1079731,1225,3/02/2026,24/02/2026,N,N,N,R,80,MS
Melaleuca quinquenervia,NSW1079731,1227,3/02/2026,24/02/2026,N,Y,N,UR,5,S
Melaleuca quinquenervia,NSW1079732,1237,3/02/2026,24/02/2026,N,Y,N,Mix,90,R
Melaleuca quinquenervia,NSW1079732,1238,3/02/2026,24/02/2026,Y,N,Y,Mix,42,R
Melaleuca quinquenervia,NSW1079732,1243,3/02/2026,24/02/2026,Y,N,N,R,89,R
Melaleuca quinquenervia,NSW1079732,1245,3/02/2026,24/02/2026,N,N,N,R,81,HR
Melaleuca quinquenervia,NSW1079732,1247,3/02/2026,24/02/2026,N,N,Y,Mix,65,HR
Melaleuca quinquenervia,NSW1079732,1248,3/02/2026,24/02/2026,Y,Y,Y,N,52,HR
Melaleuca quinquenervia,NSW1079733,1249,3/02/2026,24/02/2026,N,N,Y,UR,96,MS
Melaleuca quinquenervia,NSW1079733,1255,3/02/2026,24/02/2026,N,N,N,N,18,R
Melaleuca quinquenervia,NSW1079733,1256,3/02/2026,24/02/2026,N,N,N,Mix,65,MS
Melaleuca quinquenervia,NSW1079733,1257,3/02/2026,24/02/2026,Y,N,Y,R,92,MS
Melaleuca quinquenervia,NSW1079735,1276,3/02/2026,24/02/2026,N,Y,N,Mix,37,R
Melaleuca quinquenervia,NSW1079735,1278,3/02/2026,24/02/2026,N,N,Y,Mix,60,MS
Melaleuca quinquenervia,NSW1079735,1280,3/02/2026,24/02/2026,N,Y,Y,Mix,74,HR
Melaleuca quinquenervia,NSW1079735,1284,3/02/2026,24/02/2026,N,N,Y,UR,83,MS
Melaleuca quinquenervia,NSW1079736,1285,3/02/2026,24/02/2026,Y,Y,N,N,66,R
Melaleuca quinquenervia,NSW1079736,1287,3/02/2026,24/02/2026,N,N,N,N,90,MS
Melaleuca quinquenervia,NSW1079736,1289,3/02/2026,24/02/2026,Y,N,N,UR,0,S
Melaleuca quinquenervia,NSW1079736,1290,3/02/2026,24/02/2026,Y,N,N,UR,63,R
Melaleuca quinquenervia,NSW1079736,1291,3/02/2026,24/02/2026,N,Y,Y,N,97,R
Melaleuca quinquenervia,NSW1079736,1292,3/02/2026,24/02/2026,N,Y,Y,UR,24,R
Melaleuca quinquenervia,NSW1079736,1294,3/02/2026,24/02/2026,N,N,N,R,84,HR
Melaleuca quinquenervia,NSW1079736,1296,3/02/2026,24/02/2026,Y,Y,N,N,90,HR
Melaleuca quinquenervia,NSW1079737,1297,3/02/2026,24/02/2026,N,Y,N,Mix,58,HR
Melaleuca quinquenervia,NSW1079737,1302,3/02/2026,24/02/2026,Y,N,Y,Mix,29,MS
Melaleuca quinquenervia,NSW1079737,1304,3/02/2026,24/02/2026,N,Y,Y,N,77,R
Melaleuca quinquenervia,NSW1079737,1305,3/02/2026,24/02/2026,N,N,N,R,61,MS
Melaleuca quinquenervia,NSW1079737,1306,3/02/2026,24/02/2026,Y,Y,N,R,8,HR
Melaleuca quinquenervia,NSW1079737,1308,3/02/2026,24/02/2026,N,N,N,UR,38,MS
Melaleuca quinquenervia,NSW1079738,1309,3/02/2026,24/02/2026,Y,N,N,N,92,R
Melaleuca quinquenervia,NSW1079738,1312,3/02/2026,24/02/2026,Y,N,N,UR,97,MS
Melaleuca quinquenervia,NSW1079738,1313,3/02/2026,24/02/2026,N,Y,Y,Mix,74,S
Melaleuca quinquenervia,NSW1079738,1315,3/02/2026,24/02/2026,Y,Y,Y,Mix,46,R
Melaleuca quinquenervia,NSW1079738,1317,3/02/2026,24/02/2026,Y,Y,N,N,95,R
Melaleuca quinquenervia,NSW1079739,1323,3/02/2026,24/02/2026,Y,Y,N,Mix,0,R
Melaleuca quinquenervia,NSW1079739,1324,3/02/2026,24/02/2026,N,Y,Y,R,59,HR
Melaleuca quinquenervia,NSW1079739,1326,3/02/2026,24/02/2026,Y,Y,Y,N,61,HR
Melaleuca quinquenervia,NSW1079739,1328,3/02/2026,24/02/2026,N,Y,Y,UR,100,HR
Melaleuca quinquenervia,NSW1079739,1329,3/02/2026,24/02/2026,N,Y,N,UR,79,MS
Melaleuca quinquenervia,NSW1079739,1330,3/02/2026,24/02/2026,N,N,Y,N,19,R
Melaleuca quinquenervia,NSW1079740,1334,3/02/2026,24/02/2026,N,Y,N,R,42,MS
Melaleuca quinquenervia,NSW1079740,1335,3/02/2026,24/02/2026,Y,N,Y,R,31,R
Melaleuca quinquenervia,NSW1079740,1336,3/02/2026,24/02/2026,N,Y,Y,Mix,3,R
Melaleuca quinquenervia,NSW1079740,1337,3/02/2026,24/02/2026,N,N,Y,R,2,HR
Melaleuca quinquenervia,NSW1079740,1340,3/02/2026,24/02/2026,N,Y,Y,N,3,HR
Melaleuca quinquenervia,NSW1079740,1343,3/02/2026,24/02/2026,N,Y,N,Mix,17,HR
Melaleuca quinquenervia,NSW1079740,1344,3/02/2026,24/02/2026,N,Y,N,N,58,MS
Melaleuca quinquenervia,NSW1079741,1356,3/02/2026,24/02/2026,Y,N,Y,UR,25,R
Melaleuca quinquenervia,NSW1079743,1359,3/02/2026,24/02/2026,N,Y,Y,N,40,MS
Melaleuca quinquenervia,NSW1079744,1370,3/02/2026,24/02/2026,N,Y,Y,Mix,39,MS
Melaleuca quinquenervia,NSW1079744,1373,3/02/2026,24/02/2026,Y,Y,Y,UR,8,R
Melaleuca quinquenervia,NSW1079744,1374,3/02/2026,24/02/2026,Y,N,Y,R,44,MS
Melaleuca quinquenervia,NSW1079744,1377,3/02/2026,24/02/2026,N,N,Y,Mix,6,HR
Melaleuca quinquenervia,NSW1079744,1379,3/02/2026,24/02/2026,Y,Y,N,Mix,79,MS
Melaleuca quinquenervia,NSW1079744,1380,3/02/2026,24/02/2026,N,N,Y,UR,37,R
Melaleuca quinquenervia,NSW1079745,1383,3/02/2026,24/02/2026,Y,N,Y,Mix,98,MS
Melaleuca quinquenervia,NSW1079745,1384,3/02/2026,24/02/2026,Y,N,Y,R,16,S
Melaleuca quinquenervia,NSW1079745,1390,3/02/2026,24/02/2026,Y,Y,N,UR,37,R
Melaleuca quinquenervia,NSW1079746,1393,3/02/2026,24/02/2026,N,N,Y,UR,52,R
Melaleuca quinquenervia,NSW1079746,1395,3/02/2026,24/02/2026,Y,Y,Y,UR,59,R
Melaleuca quinquenervia,NSW1079746,1396,3/02/2026,24/02/2026,N,N,Y,N,5,HR
Melaleuca quinquenervia,NSW1079746,1397,3/02/2026,24/02/2026,N,Y,Y,R,29,HR
Melaleuca quinquenervia,NSW1079746,1403,3/02/2026,24/02/2026,Y,N,N,UR,37,HR
Melaleuca quinquenervia,NSW1079746,1404,3/02/2026,24/02/2026,N,Y,Y,N,92,MS
Melaleuca quinquenervia,NSW1079747,1405,3/02/2026,24/02/2026,Y,Y,Y,R,1,R
Melaleuca quinquenervia,NSW1079747,1406,3/02/2026,24/02/2026,Y,Y,Y,R,78,MS
Melaleuca quinquenervia,NSW1079747,1407,3/02/2026,24/02/2026,N,N,Y,UR,69,HR
Melaleuca quinquenervia,NSW1079747,1408,3/02/2026,24/02/2026,N,Y,N,R,65,MS
Melaleuca quinquenervia,NSW1079747,1409,3/02/2026,24/02/2026,N,Y,Y,R,56,R
Melaleuca quinquenervia,NSW1079747,1411,3/02/2026,24/02/2026,N,N,Y,R,79,MS
Melaleuca quinquenervia,NSW1079747,1412,3/02/2026,24/02/2026,N,N,Y,N,45,S
Melaleuca quinquenervia,NSW1079747,1413,3/02/2026,24/02/2026,N,Y,Y,Mix,39,R
Melaleuca quinquenervia,NSW1079747,1415,3/02/2026,24/02/2026,Y,N,Y,N,96,R
Melaleuca quinquenervia,NSW1079747,1416,3/02/2026,24/02/2026,Y,N,N,UR,32,R
Melaleuca quinquenervia,NSW1079748,1421,3/02/2026,24/02/2026,Y,Y,N,Mix,97,HR
Melaleuca quinquenervia,NSW1079748,1422,3/02/2026,24/02/2026,Y,Y,N,Mix,54,HR
Melaleuca quinquenervia,NSW1079748,1423,3/02/2026,24/02/2026,N,N,Y,UR,44,HR
Melaleuca quinquenervia,NSW1079750,1429,3/02/2026,24/02/2026,N,N,N,N,63,MS
Melaleuca quinquenervia,NSW1079750,1430,3/02/2026,24/02/2026,Y,Y,Y,R,71,R
Melaleuca quinquenervia,NSW1079750,1431,3/02/2026,24/02/2026,Y,Y,N,UR,8,MS
Melaleuca quinquenervia,NSW1079750,1432,3/02/2026,24/02/2026,Y,N,N,Mix,64,MS
Melaleuca quinquenervia,NSW1079750,1433,3/02/2026,24/02/2026,N,N,N,UR,89,R
Melaleuca quinquenervia,NSW1079750,1434,3/02/2026,24/02/2026,N,Y,Y,UR,97,MS
Melaleuca quinquenervia,NSW1079750,1436,3/02/2026,24/02/2026,Y,Y,N,N,0,HR
Melaleuca quinquenervia,NSW1079750,1437,3/02/2026,24/02/2026,N,Y,N,Mix,21,MS
Melaleuca quinquenervia,NSW1079750,1438,3/02/2026,24/02/2026,Y,Y,N,N,9,R
Melaleuca quinquenervia,NSW1079751,1441,3/02/2026,24/02/2026,N,N,N,UR,87,MS
Melaleuca quinquenervia,NSW1079751,1442,3/02/2026,24/02/2026,N,Y,N,R,8,S
Melaleuca quinquenervia,NSW1079751,1443,3/02/2026,24/02/2026,N,N,N,Mix,68,R
Melaleuca quinquenervia,NSW1079751,1444,3/02/2026,24/02/2026,Y,Y,Y,UR,46,R
Melaleuca quinquenervia,NSW1079751,1446,3/02/2026,24/02/2026,N,N,Y,N,73,R
Melaleuca quinquenervia,NSW1079751,1447,3/02/2026,24/02/2026,Y,Y,Y,UR,10,HR
Melaleuca quinquenervia,NSW1079751,1449,3/02/2026,24/02/2026,Y,Y,N,Mix,38,HR
Melaleuca quinquenervia,NSW1079751,1451,3/02/2026,24/02/2026,N,N,Y,UR,73,HR
Melaleuca quinquenervia,NSW1079751,1452,3/02/2026,24/02/2026,N,Y,N,UR,23,MS
Melaleuca quinquenervia,NSW1079752,1462,3/02/2026,24/02/2026,Y,Y,Y,N,3,R
Melaleuca quinquenervia,NSW1079752,1464,3/02/2026,24/02/2026,N,Y,N,R,55,MS
Melaleuca quinquenervia,NSW1079753,1467,3/02/2026,24/02/2026,N,N,N,Mix,69,HR
Melaleuca quinquenervia,NSW1079753,1468,3/02/2026,24/02/2026,N,Y,N,N,31,MS
Melaleuca quinquenervia,NSW1079753,1470,3/02/2026,24/02/2026,N,Y,Y,Mix,100,R
Melaleuca quinquenervia,NSW1079753,1472,3/02/2026,24/02/2026,Y,Y,Y,UR,79,MS
Melaleuca quinquenervia,NSW1079753,1473,3/02/2026,24/02/2026,Y,Y,Y,N,18,S
Melaleuca quinquenervia,NSW1079755,1478,3/02/2026,24/02/2026,Y,N,Y,N,64,R
Melaleuca quinquenervia,NSW1079755,1479,3/02/2026,24/02/2026,N,Y,N,N,34,R
Melaleuca quinquenervia,NSW1079755,1481,3/02/2026,24/02/2026,Y,N,Y,Mix,86,R
Melaleuca quinquenervia,NSW1079755,1484,3/02/2026,24/02/2026,N,Y,N,R,77,HR
Melaleuca quinquenervia,NSW1079755,1488,3/02/2026,24/02/2026,Y,N,Y,UR,60,HR
Melaleuca quinquenervia,NSW1079756,1489,3/02/2026,24/02/2026,Y,Y,Y,R,89,HR
Melaleuca quinquenervia,NSW1079756,1490,3/02/2026,24/02/2026,N,N,N,N,22,MS
Melaleuca quinquenervia,NSW1079756,1493,3/02/2026,24/02/2026,N,Y,Y,UR,74,R
Melaleuca quinquenervia,NSW1079756,1496,3/02/2026,24/02/2026,N,N,Y,R,5,MS
Melaleuca quinquenervia,NSW1079756,1498,3/02/2026,24/02/2026,Y,Y,Y,Mix,22,R
Melaleuca quinquenervia,NSW1079756,1499,3/02/2026,24/02/2026,Y,Y,N,R,41,R
Melaleuca quinquenervia,NSW1079758,1502,3/02/2026,24/02/2026,Y,Y,Y,Mix,70,HR
Melaleuca quinquenervia,NSW1079758,1506,3/02/2026,24/02/2026,Y,Y,Y,Mix,22,HR
Melaleuca quinquenervia,NSW1079758,1508,3/02/2026,24/02/2026,N,Y,N,UR,57,HR
Melaleuca quinquenervia,NSW1079758,1509,3/02/2026,24/02/2026,Y,N,Y,N,8,MS
Melaleuca quinquenervia,NSW1079758,1512,3/02/2026,24/02/2026,Y,Y,Y,N,1,R
Melaleuca quinquenervia,NSW1079760,1513,3/02/2026,24/02/2026,N,N,Y,N,29,MS
Melaleuca quinquenervia,NSW1079760,1515,3/02/2026,24/02/2026,N,N,N,R,9,MS
Melaleuca quinquenervia,NSW1079760,1516,3/02/2026,24/02/2026,Y,N,Y,N,74,R
Melaleuca quinquenervia,NSW1079760,1517,3/02/2026,24/02/2026,Y,N,Y,R,63,MS
Melaleuca quinquenervia,NSW1079760,1518,3/02/2026,24/02/2026,N,N,Y,R,23,HR
Melaleuca quinquenervia,NSW1079760,1519,3/02/2026,24/02/2026,Y,Y,Y,N,39,MS
Melaleuca quinquenervia,NSW1079760,1521,3/02/2026,24/02/2026,N,Y,N,UR,16,R
Melaleuca quinquenervia,NSW1079760,1522,3/02/2026,24/02/2026,Y,N,N,UR,30,MS
Melaleuca quinquenervia,NSW1079760,1523,3/02/2026,24/02/2026,N,N,Y,Mix,11,S
Melaleuca quinquenervia,NSW1079760,1524,3/02/2026,24/02/2026,N,N,N,Mix,100,R
Melaleuca quinquenervia,NSW1079761,1528,3/02/2026,24/02/2026,Y,Y,Y,UR,76,R
Melaleuca quinquenervia,NSW1079761,1529,3/02/2026,24/02/2026,Y,N,Y,R,66,R
Melaleuca quinquenervia,NSW1079761,1530,3/02/2026,24/02/2026,N,N,Y,N,27,HR
Melaleuca quinquenervia,NSW1079761,1531,3/02/2026,24/02/2026,Y,N,Y,UR,63,HR
Melaleuca quinquenervia,NSW1079761,1532,3/02/2026,24/02/2026,N,Y,Y,UR,21,HR
Melaleuca quinquenervia,NSW1079761,1533,3/02/2026,24/02/2026,N,Y,Y,N,6,MS
Melaleuca quinquenervia,NSW1079761,1534,3/02/2026,24/02/2026,N,N,N,N,18,R
Melaleuca quinquenervia,NSW1079761,1535,3/02/2026,24/02/2026,Y,Y,N,N,24,MS
Melaleuca quinquenervia,NSW1079762,1542,3/02/2026,24/02/2026,Y,N,Y,Mix,48,HR
Melaleuca quinquenervia,NSW1079762,1544,3/02/2026,24/02/2026,Y,N,Y,Mix,98,MS
Melaleuca quinquenervia,NSW1079762,1545,3/02/2026,24/02/2026,N,Y,N,UR,28,R
Melaleuca quinquenervia,NSW1079762,1546,3/02/2026,24/02/2026,N,N,Y,UR,74,MS
Melaleuca quinquenervia,NSW1079762,1547,3/02/2026,24/02/2026,N,Y,N,UR,92,S
Melaleuca quinquenervia,NSW1079762,1548,3/02/2026,24/02/2026,Y,Y,Y,R,53,R
Melaleuca quinquenervia,NSW1079763,1549,3/02/2026,24/02/2026,Y,Y,Y,N,44,R
Melaleuca quinquenervia,NSW1079763,1550,3/02/2026,24/02/2026,N,N,N,N,83,R
Melaleuca quinquenervia,NSW1079763,1551,3/02/2026,24/02/2026,Y,Y,N,Mix,99,HR
Melaleuca quinquenervia,NSW1079763,1552,3/02/2026,24/02/2026,Y,N,N,UR,65,HR
Melaleuca quinquenervia,NSW1079763,1553,3/02/2026,24/02/2026,N,Y,N,UR,50,HR
Melaleuca quinquenervia,NSW1079765,1561,3/02/2026,24/02/2026,Y,N,Y,UR,49,MS
Melaleuca quinquenervia,NSW1079765,1563,3/02/2026,24/02/2026,Y,Y,Y,R,73,R
Melaleuca quinquenervia,NSW1079765,1564,3/02/2026,24/02/2026,N,N,Y,N,68,MS
Melaleuca quinquenervia,NSW1079765,1565,3/02/2026,24/02/2026,N,Y,N,R,71,MS
Melaleuca quinquenervia,NSW1079765,1566,3/02/2026,24/02/2026,N,N,Y,UR,87,R
Melaleuca quinquenervia,NSW1079765,1567,3/02/2026,24/02/2026,N,Y,Y,UR,64,MS
Melaleuca quinquenervia,NSW1079765,1568,3/02/2026,24/02/2026,N,N,Y,Mix,17,HR
Melaleuca quinquenervia,NSW1079765,1570,3/02/2026,24/02/2026,N,N,Y,N,49,MS
Melaleuca quinquenervia,NSW1079766,1573,3/02/2026,24/02/2026,N,N,Y,R,42,R
Melaleuca quinquenervia,NSW1079766,1578,3/02/2026,24/02/2026,Y,Y,Y,R,91,MS
Melaleuca quinquenervia,NSW1079766,1579,3/02/2026,24/02/2026,N,Y,N,Mix,74,S
Melaleuca quinquenervia,NSW1079766,1584,3/02/2026,24/02/2026,Y,N,Y,Mix,39,R
Melaleuca quinquenervia,NSW1079768,1597,3/02/2026,24/02/2026,Y,N,N,Mix,98,R
Melaleuca quinquenervia,NSW1079768,1598,3/02/2026,24/02/2026,N,Y,N,Mix,97,R
Melaleuca quinquenervia,NSW1079768,1599,3/02/2026,24/02/2026,N,N,N,UR,96,HR
Melaleuca quinquenervia,NSW1079768,1600,3/02/2026,24/02/2026,N,N,Y,R,39,HR
Melaleuca quinquenervia,NSW1079768,1603,3/02/2026,24/02/2026,N,Y,Y,Mix,34,HR
Melaleuca quinquenervia,NSW1079768,1604,3/02/2026,24/02/2026,Y,N,Y,UR,94,MS
Melaleuca quinquenervia,NSW1079768,1605,3/02/2026,24/02/2026,N,N,Y,Mix,99,R
Melaleuca quinquenervia,NSW1079768,1606,3/02/2026,24/02/2026,N,Y,N,Mix,62,MS
Melaleuca quinquenervia,NSW1079768,1608,3/02/2026,24/02/2026,Y,N,Y,Mix,37,HR
Melaleuca quinquenervia,NSW1079772,1609,3/02/2026,24/02/2026,Y,N,N,N,93,MS
Melaleuca quinquenervia,NSW1079772,1612,3/02/2026,24/02/2026,Y,Y,Y,Mix,10,R
Melaleuca quinquenervia,NSW1079772,1613,3/02/2026,24/02/2026,Y,Y,N,UR,86,MS
Melaleuca quinquenervia,NSW1079772,1614,3/02/2026,24/02/2026,N,N,N,Mix,85,S
Melaleuca quinquenervia,NSW1079772,1616,3/02/2026,24/02/2026,N,Y,N,N,26,R
Melaleuca quinquenervia,NSW1079772,1617,3/02/2026,24/02/2026,Y,Y,Y,R,67,R
Melaleuca quinquenervia,NSW1079772,1618,3/02/2026,24/02/2026,N,N,N,UR,41,R
Melaleuca quinquenervia,NSW1079772,1619,3/02/2026,24/02/2026,Y,N,Y,UR,64,HR
Melaleuca quinquenervia,NSW1079772,1620,3/02/2026,24/02/2026,Y,Y,Y,UR,44,HR
Melaleuca quinquenervia,NSW1079773,1621,3/02/2026,24/02/2026,Y,Y,N,Mix,76,HR
Melaleuca quinquenervia,NSW1079773,1622,3/02/2026,24/02/2026,N,Y,Y,UR,22,MS
Melaleuca quinquenervia,NSW1079773,1623,3/02/2026,24/02/2026,N,N,N,R,7,R
Melaleuca quinquenervia,NSW1079773,1624,3/02/2026,24/02/2026,Y,N,Y,UR,55,MS
Melaleuca quinquenervia,NSW1079773,1626,3/02/2026,24/02/2026,N,N,N,UR,82,R
Melaleuca quinquenervia,NSW1079773,1627,3/02/2026,24/02/2026,N,Y,Y,R,67,R
Melaleuca quinquenervia,NSW1079773,1628,3/02/2026,24/02/2026,N,N,N,R,88,HR
Melaleuca quinquenervia,NSW1079773,1629,3/02/2026,24/02/2026,N,Y,Y,Mix,97,HR
Melaleuca quinquenervia,NSW1079773,1631,3/02/2026,24/02/2026,Y,N,Y,UR,95,HR
Melaleuca quinquenervia,NSW1079773,1632,3/02/2026,24/02/2026,Y,Y,N,R,50,MS
Melaleuca quinquenervia,NSW1079774,1633,3/02/2026,24/02/2026,N,N,Y,UR,55,R
Melaleuca quinquenervia,NSW1079774,1637,3/02/2026,24/02/2026,Y,N,Y,Mix,0,MS
Melaleuca quinquenervia,NSW1079774,1639,3/02/2026,24/02/2026,N,N,Y,Mix,7,MS
Melaleuca quinquenervia,NSW1079774,1641,3/02/2026,24/02/2026,N,Y,N,UR,94,R
Melaleuca quinquenervia,NSW1079774,1643,3/02/2026,24/02/2026,N,N,Y,R,77,MS
Melaleuca quinquenervia,NSW1079774,1645,3/02/2026,24/02/2026,N,N,Y,N,51,HR
Melaleuca quinquenervia,NSW1079774,1647,3/02/2026,24/02/2026,N,N,Y,R,79,MS
Melaleuca quinquenervia,NSW1079774,1649,3/02/2026,24/02/2026,N,N,Y,R,82,R
Melaleuca quinquenervia,NSW1079774,1651,3/02/2026,24/02/2026,N,N,N,UR,36,MS
Melaleuca quinquenervia,NSW1079774,1653,3/02/2026,24/02/2026,Y,Y,Y,N,71,S
Melaleuca quinquenervia,NSW1079778,1657,3/02/2026,24/02/2026,Y,N,Y,N,69,R
Melaleuca quinquenervia,NSW1079778,1660,3/02/2026,24/02/2026,Y,Y,N,UR,22,R
Melaleuca quinquenervia,NSW1079778,1661,3/02/2026,24/02/2026,Y,N,N,UR,35,R
Melaleuca quinquenervia,NSW1079778,1662,3/02/2026,24/02/2026,Y,N,Y,R,33,HR
Melaleuca quinquenervia,NSW1079778,1664,3/02/2026,24/02/2026,N,Y,N,R,96,HR
Melaleuca quinquenervia,NSW1079778,1667,3/02/2026,24/02/2026,N,Y,Y,N,9,HR
Melaleuca quinquenervia,NSW1079779,1669,3/02/2026,24/02/2026,N,N,Y,R,65,MS
Melaleuca quinquenervia,NSW1079779,1674,3/02/2026,24/02/2026,N,N,Y,UR,40,R
Melaleuca quinquenervia,NSW1079779,1675,3/02/2026,24/02/2026,Y,N,N,R,29,MS
Melaleuca quinquenervia,NSW1079779,1676,3/02/2026,24/02/2026,N,Y,Y,N,13,HR
Melaleuca quinquenervia,NSW1079779,1677,3/02/2026,24/02/2026,N,Y,N,UR,85,MS
Melaleuca quinquenervia,NSW1079779,1678,3/02/2026,24/02/2026,N,N,N,R,29,R
Melaleuca quinquenervia,NSW1079783,1681,3/02/2026,24/02/2026,Y,N,Y,N,49,MS
Melaleuca quinquenervia,NSW1079783,1683,3/02/2026,24/02/2026,Y,N,Y,R,22,S
Melaleuca quinquenervia,NSW1079783,1687,3/02/2026,24/02/2026,Y,Y,Y,UR,28,R
Melaleuca quinquenervia,NSW1079783,1689,3/02/2026,24/02/2026,N,Y,Y,Mix,87,R
Melaleuca quinquenervia,NSW1079783,1691,3/02/2026,24/02/2026,Y,Y,N,N,57,R
Melaleuca quinquenervia,NSW1079783,1693,3/02/2026,24/02/2026,N,Y,N,N,60,HR
Melaleuca quinquenervia,NSW1079783,1695,3/02/2026,24/02/2026,Y,Y,N,R,21,HR
Melaleuca quinquenervia,NSW1079783,1697,3/02/2026,24/02/2026,N,Y,N,UR,10,HR
Melaleuca quinquenervia,NSW1079783,1699,3/02/2026,24/02/2026,Y,N,Y,N,46,MS
Melaleuca quinquenervia,NSW1079783,1703,3/02/2026,24/02/2026,N,N,Y,UR,29,R
Melaleuca quinquenervia,NSW1079784,1708,3/02/2026,24/02/2026,N,N,Y,UR,74,MS
Melaleuca quinquenervia,NSW1079784,1710,3/02/2026,24/02/2026,Y,Y,N,UR,79,MS
Melaleuca quinquenervia,NSW1079784,1713,3/02/2026,24/02/2026,N,N,Y,UR,62,R
Melaleuca quinquenervia,NSW1079784,1714,3/02/2026,24/02/2026,Y,N,N,Mix,55,MS
Melaleuca quinquenervia,NSW1079784,1715,3/02/2026,24/02/2026,Y,N,Y,Mix,96,HR
Melaleuca quinquenervia,NSW1079788,1717,3/02/2026,24/02/2026,Y,N,N,N,31,MS
Melaleuca quinquenervia,NSW1079788,1718,3/02/2026,24/02/2026,Y,Y,Y,R,46,R
Melaleuca quinquenervia,NSW1079788,1719,3/02/2026,24/02/2026,N,N,N,Mix,0,MS
Melaleuca quinquenervia,NSW1079788,1720,3/02/2026,24/02/2026,Y,N,N,Mix,97,S
Melaleuca quinquenervia,NSW1079788,1722,3/02/2026,24/02/2026,N,Y,N,N,47,R
Melaleuca quinquenervia,NSW1079788,1723,3/02/2026,24/02/2026,Y,N,N,UR,16,R
Melaleuca quinquenervia,NSW1079788,1724,3/02/2026,24/02/2026,N,Y,N,N,10,R
Melaleuca quinquenervia,NSW1079788,1725,3/02/2026,24/02/2026,Y,Y,Y,Mix,89,HR
Melaleuca quinquenervia,NSW1079788,1726,3/02/2026,24/02/2026,Y,N,N,N,36,HR
Melaleuca quinquenervia,NSW1079788,1727,3/02/2026,24/02/2026,N,Y,Y,UR,25,HR
Melaleuca quinquenervia,NSW1079788,1728,3/02/2026,24/02/2026,N,N,N,Mix,53,MS
Melaleuca quinquenervia,NSW1079789,1729,3/02/2026,24/02/2026,N,N,N,R,82,R
Melaleuca quinquenervia,NSW1079789,1732,3/02/2026,24/02/2026,N,N,Y,R,78,MS
Melaleuca quinquenervia,NSW1079789,1734,3/02/2026,24/02/2026,N,N,N,N,58,HR
Melaleuca quinquenervia,NSW1079789,1735,3/02/2026,24/02/2026,Y,Y,Y,UR,21,MS
Melaleuca quinquenervia,NSW1079789,1736,3/02/2026,24/02/2026,Y,N,N,R,0,R
Melaleuca quinquenervia,NSW1079789,1740,3/02/2026,24/02/2026,N,N,N,UR,49,MS
Melaleuca quinquenervia,NSW1079793,1742,3/02/2026,24/02/2026,Y,Y,N,N,20,S
Melaleuca quinquenervia,NSW1079793,1747,3/02/2026,24/02/2026,Y,Y,N,N,59,R
Melaleuca quinquenervia,NSW1079793,1749,3/02/2026,24/02/2026,Y,N,Y,Mix,48,R
Melaleuca quinquenervia,NSW1079793,1752,3/02/2026,24/02/2026,N,N,N,Mix,62,R
Melaleuca quinquenervia,NSW1079794,1753,3/02/2026,24/02/2026,Y,Y,Y,UR,88,HR
Melaleuca quinquenervia,NSW1079794,1755,3/02/2026,24/02/2026,Y,N,Y,N,52,HR
Melaleuca quinquenervia,NSW1079794,1757,3/02/2026,24/02/2026,N,Y,N,UR,82,HR
Melaleuca quinquenervia,NSW1079794,1765,3/02/2026,24/02/2026,Y,N,Y,R,88,MS
Melaleuca quinquenervia,NSW1079798,1777,3/02/2026,24/02/2026,Y,Y,Y,N,2,R
Melaleuca quinquenervia,NSW1079798,1778,3/02/2026,24/02/2026,N,N,Y,UR,94,MS
Melaleuca quinquenervia,NSW1079798,1779,3/02/2026,24/02/2026,Y,Y,Y,R,100,R
Melaleuca quinquenervia,NSW1079798,1780,3/02/2026,24/02/2026,N,N,Y,UR,86,R
Melaleuca quinquenervia,NSW1079798,1781,3/02/2026,24/02/2026,Y,N,Y,N,42,HR
Melaleuca quinquenervia,NSW1079798,1782,3/02/2026,24/02/2026,N,Y,N,N,60,HR
Melaleuca quinquenervia,NSW1079798,1783,3/02/2026,24/02/2026,Y,Y,N,UR,34,HR
Melaleuca quinquenervia,NSW1079798,1784,3/02/2026,24/02/2026,N,Y,Y,Mix,65,MS
Melaleuca quinquenervia,NSW1079798,1785,3/02/2026,24/02/2026,N,N,N,N,100,R
Melaleuca quinquenervia,NSW1079798,1788,3/02/2026,24/02/2026,Y,N,Y,Mix,51,MS
Melaleuca quinquenervia,NSW1079799,1792,3/02/2026,24/02/2026,N,Y,Y,UR,95,MS
Melaleuca quinquenervia,NSW1079799,1795,3/02/2026,24/02/2026,N,Y,N,R,68,R
Melaleuca quinquenervia,NSW1079799,1799,3/02/2026,24/02/2026,Y,Y,Y,Mix,63,MS
Melaleuca quinquenervia,NSW1079799,1800,3/02/2026,24/02/2026,N,Y,N,R,67,HR
Melaleuca quinquenervia,NSW1079803,1806,3/02/2026,24/02/2026,N,Y,N,Mix,93,MS
Melaleuca quinquenervia,NSW1079803,1810,3/02/2026,24/02/2026,Y,Y,N,Mix,25,R
Melaleuca quinquenervia,NSW1079803,1811,3/02/2026,24/02/2026,Y,Y,Y,UR,56,MS
Melaleuca quinquenervia,NSW1079804,1813,3/02/2026,24/02/2026,Y,N,N,R,48,S
Melaleuca quinquenervia,NSW1079804,1814,3/02/2026,24/02/2026,Y,N,N,R,73,R
Melaleuca quinquenervia,NSW1079804,1815,3/02/2026,24/02/2026,Y,N,N,UR,13,R
Melaleuca quinquenervia,NSW1079804,1816,3/02/2026,24/02/2026,Y,N,Y,N,60,R
Melaleuca quinquenervia,NSW1079804,1817,3/02/2026,24/02/2026,Y,Y,N,Mix,2,HR
Melaleuca quinquenervia,NSW1079804,1818,3/02/2026,24/02/2026,Y,Y,N,UR,57,HR
Melaleuca quinquenervia,NSW1079804,1819,3/02/2026,24/02/2026,N,N,Y,N,13,HR
Melaleuca quinquenervia,NSW1079804,1820,3/02/2026,24/02/2026,N,Y,Y,R,24,MS
Melaleuca quinquenervia,NSW1079804,1821,3/02/2026,24/02/2026,Y,N,Y,R,26,R
Melaleuca quinquenervia,NSW1079804,1822,3/02/2026,24/02/2026,Y,Y,Y,R,40,MS
Melaleuca quinquenervia,NSW1079804,1823,3/02/2026,24/02/2026,Y,N,Y,UR,50,HR
Melaleuca quinquenervia,NSW1079804,1824,3/02/2026,24/02/2026,N,Y,N,R,75,MS
Melaleuca quinquenervia,NSW1079808,1825,3/02/2026,24/02/2026,N,N,Y,UR,27,R
Melaleuca quinquenervia,NSW1079808,1827,3/02/2026,24/02/2026,N,Y,Y,R,85,MS
Melaleuca quinquenervia,NSW1079808,1828,3/02/2026,24/02/2026,Y,N,Y,UR,47,S
Melaleuca quinquenervia,NSW1079808,1830,3/02/2026,24/02/2026,Y,N,N,R,38,R
Melaleuca quinquenervia,NSW1079808,1831,3/02/2026,24/02/2026,N,N,N,UR,60,R
Melaleuca quinquenervia,NSW1079808,1834,3/02/2026,24/02/2026,N,Y,N,R,0,R
Melaleuca quinquenervia,NSW1079808,1835,3/02/2026,24/02/2026,Y,N,N,R,52,HR
Melaleuca quinquenervia,NSW1079808,1836,3/02/2026,24/02/2026,N,Y,Y,Mix,24,HR
Melaleuca quinquenervia,NSW1079809,1837,3/02/2026,24/02/2026,N,Y,Y,Mix,71,HR
Melaleuca quinquenervia,NSW1079809,1839,3/02/2026,24/02/2026,Y,Y,Y,R,39,MS
Melaleuca quinquenervia,NSW1079809,1841,3/02/2026,24/02/2026,Y,N,Y,Mix,74,R
Melaleuca quinquenervia,NSW1079809,1845,3/02/2026,24/02/2026,Y,Y,Y,UR,85,MS
Melaleuca quinquenervia,NSW1079809,1846,3/02/2026,24/02/2026,Y,Y,Y,Mix,68,MS
Melaleuca quinquenervia,NSW1079809,1847,3/02/2026,24/02/2026,Y,N,N,Mix,68,R
Melaleuca quinquenervia,NSW1079813,1849,3/02/2026,24/02/2026,Y,Y,Y,UR,39,MS
Melaleuca quinquenervia,NSW1079813,1855,3/02/2026,24/02/2026,Y,Y,N,N,30,HR
Melaleuca quinquenervia,NSW1079813,1856,3/02/2026,24/02/2026,Y,N,N,UR,82,MS
Melaleuca quinquenervia,NSW1079813,1858,3/02/2026,24/02/2026,Y,N,Y,UR,72,R
Melaleuca quinquenervia,NSW1079813,1859,3/02/2026,24/02/2026,Y,Y,Y,UR,51,MS
Melaleuca quinquenervia,NSW1079814,1861,3/02/2026,24/02/2026,Y,Y,N,Mix,10,S
Melaleuca quinquenervia,NSW1079814,1862,3/02/2026,24/02/2026,Y,Y,N,UR,71,R
Melaleuca quinquenervia,NSW1079814,1865,3/02/2026,24/02/2026,Y,Y,N,R,69,R
Melaleuca quinquenervia,NSW1079814,1866,3/02/2026,24/02/2026,Y,N,N,R,98,R
Melaleuca quinquenervia,NSW1079814,1867,3/02/2026,24/02/2026,Y,Y,N,UR,29,HR
Melaleuca quinquenervia,NSW1079814,1868,3/02/2026,24/02/2026,N,Y,N,R,20,HR
Melaleuca quinquenervia,NSW1079814,1869,3/02/2026,24/02/2026,N,Y,N,R,13,HR
Melaleuca quinquenervia,NSW1079814,1871,3/02/2026,24/02/2026,N,N,Y,UR,36,MS
Melaleuca quinquenervia,NSW1079818,1873,3/02/2026,24/02/2026,Y,N,N,UR,14,R
Melaleuca quinquenervia,NSW1079818,1874,3/02/2026,24/02/2026,N,N,N,UR,24,MS
Melaleuca quinquenervia,NSW1079818,1875,3/02/2026,24/02/2026,Y,Y,N,N,59,HR
Melaleuca quinquenervia,NSW1079818,1876,3/02/2026,24/02/2026,Y,N,N,Mix,92,MS
Melaleuca quinquenervia,NSW1079818,1877,3/02/2026,24/02/2026,Y,Y,Y,UR,69,R
Melaleuca quinquenervia,NSW1079818,1879,3/02/2026,24/02/2026,Y,N,Y,R,64,MS
Melaleuca quinquenervia,NSW1079821,1898,3/02/2026,24/02/2026,Y,N,N,UR,9,S
Melaleuca quinquenervia,NSW1079821,1899,3/02/2026,24/02/2026,Y,Y,Y,UR,81,R
Melaleuca quinquenervia,NSW1079821,1900,3/02/2026,24/02/2026,N,N,N,UR,75,R
Melaleuca quinquenervia,NSW1079821,1901,3/02/2026,24/02/2026,N,Y,N,R,15,R
Melaleuca quinquenervia,NSW1079821,1903,3/02/2026,24/02/2026,Y,N,Y,N,70,HR
Melaleuca quinquenervia,NSW1079821,1908,3/02/2026,24/02/2026,N,Y,N,R,77,HR
Melaleuca quinquenervia,NSW1079822,1909,3/02/2026,24/02/2026,Y,N,N,Mix,20,HR
Melaleuca quinquenervia,NSW1079822,1910,3/02/2026,24/02/2026,Y,N,Y,N,92,MS
Melaleuca quinquenervia,NSW1079822,1916,3/02/2026,24/02/2026,Y,N,N,R,60,R
Melaleuca quinquenervia,NSW1079822,1918,3/02/2026,24/02/2026,N,Y,Y,N,79,MS
Melaleuca quinquenervia,NSW1079822,1920,3/02/2026,24/02/2026,N,N,Y,N,93,R
Melaleuca quinquenervia,NSW1080758,1921,3/02/2026,24/02/2026,N,Y,Y,N,4,R
Melaleuca quinquenervia,NSW1080759,1934,3/02/2026,24/02/2026,N,Y,N,R,12,HR
Melaleuca quinquenervia,NSW1080759,1935,3/02/2026,24/02/2026,N,Y,N,Mix,60,HR
Melaleuca quinquenervia,NSW1080759,1936,3/02/2026,24/02/2026,Y,N,N,Mix,67,HR
Melaleuca quinquenervia,NSW1080759,1937,3/02/2026,24/02/2026,N,Y,Y,R,7,MS
Melaleuca quinquenervia,NSW1080759,1939,3/02/2026,24/02/2026,Y,Y,N,UR,71,R
Melaleuca quinquenervia,NSW1080759,1940,3/02/2026,24/02/2026,N,N,Y,R,48,MS
Melaleuca quinquenervia,NSW1080759,1944,3/02/2026,24/02/2026,Y,N,N,Mix,73,MS
Melaleuca quinquenervia,NSW1080761,1945,3/02/2026,24/02/2026,N,Y,Y,R,6,R
Melaleuca quinquenervia,NSW1080761,1946,3/02/2026,24/02/2026,Y,Y,N,Mix,19,MS
Melaleuca quinquenervia,NSW1080761,1950,3/02/2026,24/02/2026,N,Y,N,N,31,HR
Melaleuca quinquenervia,NSW1080761,1951,3/02/2026,24/02/2026,N,Y,Y,N,65,MS
Melaleuca quinquenervia,NSW1080761,1952,3/02/2026,24/02/2026,Y,N,N,Mix,30,R
Melaleuca quinquenervia,NSW1080761,1954,3/02/2026,24/02/2026,Y,Y,Y,N,82,MS
Melaleuca quinquenervia,NSW1080761,1955,3/02/2026,24/02/2026,Y,Y,N,Mix,69,S
Melaleuca quinquenervia,NSW1080761,1956,3/02/2026,24/02/2026,Y,Y,N,R,7,R
Melaleuca quinquenervia,NSW1080762,1959,3/02/2026,24/02/2026,N,Y,N,N,99,R
Melaleuca quinquenervia,NSW1080762,1961,3/02/2026,24/02/2026,Y,Y,N,UR,93,R
Melaleuca quinquenervia,NSW1080762,1963,3/02/2026,24/02/2026,Y,N,N,R,85,HR
Melaleuca quinquenervia,NSW1080762,1967,3/02/2026,24/02/2026,N,N,Y,R,71,HR
Melaleuca quinquenervia,NSW1080762,1969,3/02/2026,24/02/2026,Y,N,N,N,5,HR
Melaleuca quinquenervia,NSW1080762,1971,3/02/2026,24/02/2026,N,N,N,N,58,MS
Melaleuca quinquenervia,NSW1080762,1973,3/02/2026,24/02/2026,Y,N,Y,Mix,37,R
Melaleuca quinquenervia,NSW1080763,1981,3/02/2026,24/02/2026,N,N,Y,N,20,MS
Melaleuca quinquenervia,NSW1080763,1982,3/02/2026,24/02/2026,N,N,Y,UR,45,HR
Melaleuca quinquenervia,NSW1080764,1995,3/02/2026,24/02/2026,N,Y,N,N,87,MS
Melaleuca quinquenervia,NSW1080764,1997,3/02/2026,24/02/2026,Y,Y,Y,Mix,73,R
Melaleuca quinquenervia,NSW1080764,1998,3/02/2026,24/02/2026,N,N,Y,Mix,16,MS
Melaleuca quinquenervia,NSW1080764,1999,3/02/2026,24/02/2026,N,Y,Y,N,35,S
Melaleuca quinquenervia,NSW1080764,2000,3/02/2026,24/02/2026,Y,N,Y,R,73,R
Melaleuca quinquenervia,NSW1080764,2003,3/02/2026,24/02/2026,N,N,N,UR,17,R
Melaleuca quinquenervia,NSW1080765,2005,3/02/2026,24/02/2026,N,Y,Y,R,61,R
Melaleuca quinquenervia,NSW1080765,2006,3/02/2026,24/02/2026,Y,Y,N,R,50,HR
Melaleuca quinquenervia,NSW1080765,2007,3/02/2026,24/02/2026,N,N,Y,N,91,HR
Melaleuca quinquenervia,NSW1080765,2008,3/02/2026,24/02/2026,Y,Y,Y,Mix,71,HR
Melaleuca quinquenervia,NSW1080765,2010,3/02/2026,24/02/2026,N,Y,Y,R,17,MS
Melaleuca quinquenervia,NSW1080765,2011,3/02/2026,24/02/2026,Y,N,Y,Mix,94,R
Melaleuca quinquenervia,NSW1080765,2014,3/02/2026,24/02/2026,Y,Y,N,Mix,85,MS
Melaleuca quinquenervia,NSW1080765,2015,3/02/2026,24/02/2026,N,N,Y,UR,92,MS
Melaleuca quinquenervia,NSW1080766,2018,3/02/2026,24/02/2026,N,N,Y,UR,26,R
Melaleuca quinquenervia,NSW1080766,2020,3/02/2026,24/02/2026,N,Y,N,R,94,MS
Melaleuca quinquenervia,NSW1080766,2023,3/02/2026,24/02/2026,N,Y,N,UR,59,HR
Melaleuca quinquenervia,NSW1080766,2025,3/02/2026,24/02/2026,Y,N,Y,R,26,MS
Melaleuca quinquenervia,NSW1080766,2026,3/02/2026,24/02/2026,N,N,Y,UR,53,R
Melaleuca quinquenervia,NSW1080767,2029,3/02/2026,24/02/2026,Y,N,N,R,60,MS
Melaleuca quinquenervia,NSW1080767,2030,3/02/2026,24/02/2026,Y,Y,N,UR,32,S
Melaleuca quinquenervia,NSW1080767,2031,3/02/2026,24/02/2026,N,N,Y,R,58,R
Melaleuca quinquenervia,NSW1080767,2032,3/02/2026,24/02/2026,Y,Y,N,Mix,23,R
Melaleuca quinquenervia,NSW1080767,2034,3/02/2026,24/02/2026,Y,N,Y,R,45,R
Melaleuca quinquenervia,NSW1080767,2037,3/02/2026,24/02/2026,N,N,N,UR,87,HR
Melaleuca quinquenervia,NSW1080767,2038,3/02/2026,24/02/2026,Y,N,N,N,50,HR
Melaleuca quinquenervia,NSW1080767,2039,3/02/2026,24/02/2026,Y,N,N,Mix,57,HR
Melaleuca quinquenervia,NSW1080768,2041,3/02/2026,24/02/2026,Y,N,Y,UR,17,MS
Melaleuca quinquenervia,NSW1080768,2043,3/02/2026,24/02/2026,Y,N,Y,R,49,R
Melaleuca quinquenervia,NSW1080768,2045,3/02/2026,24/02/2026,N,Y,N,R,86,MS
Melaleuca quinquenervia,NSW1080768,2046,3/02/2026,24/02/2026,Y,N,N,R,2,HR
Melaleuca quinquenervia,NSW1080768,2047,3/02/2026,24/02/2026,Y,Y,Y,R,55,MS
Melaleuca quinquenervia,NSW1080768,2049,3/02/2026,24/02/2026,Y,N,N,N,37,R
Melaleuca quinquenervia,NSW1080768,2051,3/02/2026,24/02/2026,N,Y,Y,N,75,MS
Melaleuca quinquenervia,NSW1080770,2065,3/02/2026,24/02/2026,N,Y,N,N,68,S
Melaleuca quinquenervia,NSW1080770,2066,3/02/2026,24/02/2026,Y,Y,Y,R,74,R
Melaleuca quinquenervia,NSW1080770,2068,3/02/2026,24/02/2026,Y,N,N,Mix,89,R
Melaleuca quinquenervia,NSW1080770,2073,3/02/2026,24/02/2026,Y,Y,Y,UR,87,R
Melaleuca quinquenervia,NSW1080770,2074,3/02/2026,24/02/2026,Y,Y,N,UR,75,HR
Melaleuca quinquenervia,NSW1080770,2075,3/02/2026,24/02/2026,N,Y,Y,R,2,HR
Melaleuca quinquenervia,NSW1080770,2076,3/02/2026,24/02/2026,Y,Y,N,UR,11,HR
Melaleuca quinquenervia,NSW1080771,2077,3/02/2026,24/02/2026,N,Y,N,N,19,MS
Melaleuca quinquenervia,NSW1080771,2078,3/02/2026,24/02/2026,N,N,Y,R,72,R
Melaleuca quinquenervia,NSW1080771,2080,3/02/2026,24/02/2026,Y,N,Y,Mix,26,MS
Melaleuca quinquenervia,NSW1080771,2083,3/02/2026,24/02/2026,N,Y,Y,UR,24,R
Melaleuca quinquenervia,NSW1080772,2089,3/02/2026,24/02/2026,N,Y,Y,Mix,58,R
Melaleuca quinquenervia,NSW1080772,2090,3/02/2026,24/02/2026,Y,Y,Y,Mix,10,HR
Melaleuca quinquenervia,NSW1080772,2091,3/02/2026,24/02/2026,Y,Y,N,R,93,HR
Melaleuca quinquenervia,NSW1080772,2092,3/02/2026,24/02/2026,N,N,N,N,16,HR
Melaleuca quinquenervia,NSW1080772,2093,3/02/2026,24/02/2026,N,N,Y,N,27,MS
Melaleuca quinquenervia,NSW1080772,2095,3/02/2026,24/02/2026,Y,N,N,R,21,R
Melaleuca quinquenervia,NSW1080772,2096,3/02/2026,24/02/2026,Y,N,N,UR,78,MS
Melaleuca quinquenervia,NSW1080772,2098,3/02/2026,24/02/2026,N,Y,N,Mix,57,MS
Melaleuca quinquenervia,NSW1080772,2099,3/02/2026,24/02/2026,Y,Y,Y,N,69,R
Melaleuca quinquenervia,NSW1080772,2100,3/02/2026,24/02/2026,N,Y,N,N,19,MS
Melaleuca quinquenervia,NSW1080773,2101,3/02/2026,24/02/2026,Y,N,N,R,34,HR
Melaleuca quinquenervia,NSW1080773,2103,3/02/2026,24/02/2026,N,N,Y,N,63,MS
Melaleuca quinquenervia,NSW1080773,2104,3/02/2026,24/02/2026,N,Y,N,Mix,98,R
Melaleuca quinquenervia,NSW1080773,2105,3/02/2026,24/02/2026,Y,Y,N,R,1,MS
Melaleuca quinquenervia,NSW1080773,2106,3/02/2026,24/02/2026,Y,Y,Y,R,42,S
Melaleuca quinquenervia,NSW1080773,2107,3/02/2026,24/02/2026,N,Y,N,N,23,R
Melaleuca quinquenervia,NSW1080773,2108,3/02/2026,24/02/2026,Y,N,N,N,51,R
Melaleuca quinquenervia,NSW1080773,2111,3/02/2026,24/02/2026,N,Y,N,N,55,R
Melaleuca quinquenervia,NSW1080773,2112,3/02/2026,24/02/2026,Y,Y,N,UR,2,HR
Melaleuca quinquenervia,NSW1080774,2113,3/02/2026,24/02/2026,N,N,N,UR,26,HR
Melaleuca quinquenervia,NSW1080774,2114,3/02/2026,24/02/2026,N,N,N,N,9,HR
Melaleuca quinquenervia,NSW1080774,2115,3/02/2026,24/02/2026,N,N,N,N,31,MS
Melaleuca quinquenervia,NSW1080774,2116,3/02/2026,24/02/2026,N,Y,Y,R,78,R
Melaleuca quinquenervia,NSW1080774,2120,3/02/2026,24/02/2026,N,N,N,UR,36,MS
Melaleuca quinquenervia,NSW1080774,2121,3/02/2026,24/02/2026,Y,N,Y,UR,100,HR
Melaleuca quinquenervia,NSW1080774,2122,3/02/2026,24/02/2026,N,N,Y,Mix,69,MS
Melaleuca quinquenervia,NSW1080774,2124,3/02/2026,24/02/2026,N,Y,Y,Mix,29,R
Melaleuca quinquenervia,NSW1080775,2125,3/02/2026,24/02/2026,Y,N,Y,Mix,47,MS
Melaleuca quinquenervia,NSW1080775,2126,3/02/2026,24/02/2026,N,N,Y,Mix,2,S
Melaleuca quinquenervia,NSW1080775,2129,3/02/2026,24/02/2026,Y,Y,N,R,23,R
Melaleuca quinquenervia,NSW1080775,2130,3/02/2026,24/02/2026,N,N,N,R,41,R
Melaleuca quinquenervia,NSW1080775,2131,3/02/2026,24/02/2026,Y,N,N,UR,35,R
Melaleuca quinquenervia,NSW1080775,2132,3/02/2026,24/02/2026,N,N,Y,Mix,40,HR
Melaleuca quinquenervia,NSW1080775,2133,3/02/2026,24/02/2026,N,N,N,N,48,HR
Melaleuca quinquenervia,NSW1080775,2134,3/02/2026,24/02/2026,Y,Y,Y,R,0,HR
Melaleuca quinquenervia,NSW1080775,2135,3/02/2026,24/02/2026,Y,N,Y,Mix,50,MS
Melaleuca quinquenervia,NSW1080775,2136,3/02/2026,24/02/2026,N,N,N,R,96,R
Melaleuca quinquenervia,NSW1080776,2138,3/02/2026,24/02/2026,N,N,N,UR,15,MS
Melaleuca quinquenervia,NSW1080776,2139,3/02/2026,24/02/2026,Y,Y,N,R,56,MS
Melaleuca quinquenervia,NSW1080776,2140,3/02/2026,24/02/2026,N,N,N,N,85,R
Melaleuca quinquenervia,NSW1080776,2141,3/02/2026,24/02/2026,N,N,N,R,79,MS
Melaleuca quinquenervia,NSW1080776,2142,3/02/2026,24/02/2026,Y,Y,Y,R,7,HR
Melaleuca quinquenervia,NSW1080776,2143,3/02/2026,24/02/2026,N,N,Y,R,7,MS
Melaleuca quinquenervia,NSW1080776,2144,3/02/2026,24/02/2026,N,Y,N,R,0,R
Melaleuca quinquenervia,NSW1080776,2145,3/02/2026,24/02/2026,N,N,N,Mix,96,MS
Melaleuca quinquenervia,NSW1080776,2147,3/02/2026,24/02/2026,Y,Y,N,N,76,S
Melaleuca quinquenervia,NSW1080777,2149,3/02/2026,24/02/2026,Y,Y,Y,N,23,R
Melaleuca quinquenervia,NSW1080777,2153,3/02/2026,24/02/2026,N,N,N,R,81,R
Melaleuca quinquenervia,NSW1080777,2155,3/02/2026,24/02/2026,Y,Y,N,R,11,R
Melaleuca quinquenervia,NSW1080777,2157,3/02/2026,24/02/2026,N,Y,N,UR,4,HR
Melaleuca quinquenervia,NSW1080777,2158,3/02/2026,24/02/2026,N,Y,N,N,75,HR
Melaleuca quinquenervia,NSW1080777,2159,3/02/2026,24/02/2026,N,Y,Y,N,84,HR
Melaleuca quinquenervia,NSW1080778,2162,3/02/2026,24/02/2026,N,N,Y,R,71,MS
Melaleuca quinquenervia,NSW1080778,2163,3/02/2026,24/02/2026,N,N,N,R,7,R
Melaleuca quinquenervia,NSW1080778,2164,3/02/2026,24/02/2026,Y,Y,N,N,46,MS
Melaleuca quinquenervia,NSW1080778,2165,3/02/2026,24/02/2026,Y,N,Y,R,27,HR
Melaleuca quinquenervia,NSW1080778,2167,3/02/2026,24/02/2026,N,Y,N,N,51,MS
Melaleuca quinquenervia,NSW1080778,2168,3/02/2026,24/02/2026,N,Y,N,N,97,R
Melaleuca quinquenervia,NSW1080779,2177,3/02/2026,24/02/2026,Y,N,N,N,64,MS
Melaleuca quinquenervia,NSW1080779,2178,3/02/2026,24/02/2026,N,N,Y,UR,76,S
Melaleuca quinquenervia,NSW1080779,2182,3/02/2026,24/02/2026,Y,Y,N,N,72,R
Melaleuca quinquenervia,NSW1080779,2183,3/02/2026,24/02/2026,N,Y,Y,Mix,9,R
Melaleuca quinquenervia,NSW1080779,2184,3/02/2026,24/02/2026,Y,Y,Y,R,70,R
Melaleuca quinquenervia,NSW1080780,2185,3/02/2026,24/02/2026,Y,Y,N,Mix,16,HR
Melaleuca quinquenervia,NSW1080780,2187,3/02/2026,24/02/2026,Y,N,Y,R,67,HR
Melaleuca quinquenervia,NSW1080780,2188,3/02/2026,24/02/2026,N,Y,N,R,39,HR
Melaleuca quinquenervia,NSW1080780,2190,3/02/2026,24/02/2026,N,Y,Y,R,40,MS
Melaleuca quinquenervia,NSW1080780,2192,3/02/2026,24/02/2026,Y,Y,Y,Mix,19,R
Melaleuca quinquenervia,NSW1080780,2193,3/02/2026,24/02/2026,Y,Y,N,R,77,MS
Melaleuca quinquenervia,NSW1080780,2194,3/02/2026,24/02/2026,N,Y,Y,R,15,R
Melaleuca quinquenervia,NSW1080780,2195,3/02/2026,24/02/2026,N,Y,Y,Mix,95,R
Melaleuca quinquenervia,NSW1080781,2197,3/02/2026,24/02/2026,N,Y,N,R,56,HR
Melaleuca quinquenervia,NSW1080781,2198,3/02/2026,24/02/2026,N,Y,Y,Mix,10,HR
Melaleuca quinquenervia,NSW1080781,2199,3/02/2026,24/02/2026,Y,Y,N,UR,87,HR
Melaleuca quinquenervia,NSW1080781,2200,3/02/2026,24/02/2026,Y,N,N,R,98,MS
Melaleuca quinquenervia,NSW1080781,2201,3/02/2026,24/02/2026,Y,Y,N,R,26,R
Melaleuca quinquenervia,NSW1080781,2202,3/02/2026,24/02/2026,Y,N,N,UR,56,MS
Melaleuca quinquenervia,NSW1080781,2203,3/02/2026,24/02/2026,Y,N,N,UR,76,MS
Melaleuca quinquenervia,NSW1080781,2208,3/02/2026,24/02/2026,Y,Y,Y,R,95,R
Melaleuca quinquenervia,NSW1080782,2211,3/02/2026,24/02/2026,N,Y,Y,Mix,92,MS
Melaleuca quinquenervia,NSW1080782,2212,3/02/2026,24/02/2026,Y,N,N,UR,81,HR
Melaleuca quinquenervia,NSW1080782,2214,3/02/2026,24/02/2026,Y,Y,N,UR,89,MS
Melaleuca quinquenervia,NSW1080782,2215,3/02/2026,24/02/2026,Y,Y,Y,N,77,R
Melaleuca quinquenervia,NSW1080782,2217,3/02/2026,24/02/2026,Y,N,N,N,72,MS
Melaleuca quinquenervia,NSW1080782,2218,3/02/2026,24/02/2026,N,N,Y,R,94,S
Melaleuca quinquenervia,NSW1080782,2220,3/02/2026,24/02/2026,Y,Y,Y,UR,62,R
Melaleuca quinquenervia,NSW1080784,2224,3/02/2026,24/02/2026,N,N,Y,R,6,R
Melaleuca quinquenervia,NSW1080784,2225,3/02/2026,24/02/2026,Y,N,Y,UR,24,R
Melaleuca quinquenervia,NSW1080784,2226,3/02/2026,24/02/2026,Y,Y,N,N,54,HR
Melaleuca quinquenervia,NSW1080784,2227,3/02/2026,24/02/2026,N,N,N,Mix,75,HR
Melaleuca quinquenervia,NSW1080784,2228,3/02/2026,24/02/2026,N,Y,N,UR,56,HR
Melaleuca quinquenervia,NSW1080784,2229,3/02/2026,24/02/2026,N,Y,N,N,66,MS
Melaleuca quinquenervia,NSW1080784,2230,3/02/2026,24/02/2026,N,Y,Y,Mix,42,R
Melaleuca quinquenervia,NSW1080784,2232,3/02/2026,24/02/2026,Y,Y,Y,UR,60,MS
Melaleuca quinquenervia,NSW1080785,2233,3/02/2026,24/02/2026,Y,Y,N,Mix,73,HR
Melaleuca quinquenervia,NSW1080786,2258,3/02/2026,24/02/2026,Y,Y,N,Mix,9,MS
Melaleuca quinquenervia,NSW1080786,2265,3/02/2026,24/02/2026,N,Y,Y,N,34,R
Melaleuca quinquenervia,NSW1080786,2267,3/02/2026,24/02/2026,N,N,N,R,71,MS
Melaleuca quinquenervia,NSW1080787,2271,3/02/2026,24/02/2026,Y,Y,Y,R,89,S
Melaleuca quinquenervia,NSW1080787,2277,3/02/2026,24/02/2026,Y,Y,Y,UR,28,R
Melaleuca quinquenervia,NSW1080787,2278,3/02/2026,24/02/2026,Y,Y,Y,N,3,R
Melaleuca quinquenervia,NSW1080787,2279,3/02/2026,24/02/2026,N,N,Y,UR,11,R
Melaleuca quinquenervia,NSW1075708,2283,3/02/2026,24/02/2026,Y,Y,N,N,89,HR
Melaleuca quinquenervia,NSW1075708,2285,3/02/2026,24/02/2026,Y,N,N,UR,14,HR
Melaleuca quinquenervia,NSW1075708,2288,3/02/2026,24/02/2026,N,Y,Y,UR,88,HR
Melaleuca quinquenervia,NSW1075708,2290,3/02/2026,24/02/2026,Y,N,Y,UR,29,MS
Melaleuca quinquenervia,NSW1075704,2295,3/02/2026,24/02/2026,N,N,N,Mix,9,R
Melaleuca quinquenervia,NSW1075704,2296,3/02/2026,24/02/2026,N,Y,N,Mix,99,MS
Melaleuca quinquenervia,NSW1075704,2299,3/02/2026,24/02/2026,N,Y,Y,UR,32,MS
Melaleuca quinquenervia,NSW1075704,2300,3/02/2026,24/02/2026,Y,N,Y,Mix,40,R
Melaleuca quinquenervia,NSW1075704,2301,3/02/2026,24/02/2026,Y,Y,N,N,59,MS
Melaleuca quinquenervia,NSW1075704,2302,3/02/2026,24/02/2026,Y,Y,N,Mix,67,HR
Melaleuca quinquenervia,NSW1075720,2305,3/02/2026,24/02/2026,N,N,Y,UR,33,MS
Melaleuca quinquenervia,NSW1075720,2306,3/02/2026,24/02/2026,Y,N,N,UR,6,R
Melaleuca quinquenervia,NSW1075720,2307,3/02/2026,24/02/2026,N,Y,N,Mix,89,MS
Melaleuca quinquenervia,NSW1075720,2308,3/02/2026,24/02/2026,N,Y,N,UR,21,S
Melaleuca quinquenervia,NSW1075720,2310,3/02/2026,24/02/2026,Y,N,Y,N,26,R
Melaleuca quinquenervia,NSW1075720,2311,3/02/2026,24/02/2026,Y,N,Y,Mix,32,R
Melaleuca quinquenervia,NSW1075720,2312,3/02/2026,24/02/2026,Y,N,N,R,16,R
Melaleuca quinquenervia,NSW1075720,2314,3/02/2026,24/02/2026,Y,N,Y,UR,11,HR
Melaleuca quinquenervia,NSW1075720,2315,3/02/2026,24/02/2026,Y,N,Y,Mix,59,HR
Melaleuca quinquenervia,NSW1075720,2316,3/02/2026,24/02/2026,Y,Y,N,Mix,60,HR
Melaleuca quinquenervia,NSW1075709,2317,3/02/2026,24/02/2026,Y,Y,Y,N,94,MS
Melaleuca quinquenervia,NSW1075709,2318,3/02/2026,24/02/2026,Y,Y,Y,UR,72,R
Melaleuca quinquenervia,NSW1075709,2319,3/02/2026,24/02/2026,N,N,Y,UR,80,MS
Melaleuca quinquenervia,NSW1075709,2320,3/02/2026,24/02/2026,N,N,Y,UR,55,HR
Melaleuca quinquenervia,NSW1075709,2321,3/02/2026,24/02/2026,Y,N,N,N,44,MS
Melaleuca quinquenervia,NSW1075709,2322,3/02/2026,24/02/2026,N,N,Y,R,95,R
Melaleuca quinquenervia,NSW1075709,2323,3/02/2026,24/02/2026,N,Y,Y,R,11,MS
Melaleuca quinquenervia,NSW1075709,2324,3/02/2026,24/02/2026,Y,Y,Y,UR,9,S
Melaleuca quinquenervia,NSW1075709,2325,3/02/2026,24/02/2026,Y,Y,N,R,13,R
Melaleuca quinquenervia,NSW1075709,2326,3/02/2026,24/02/2026,N,N,N,N,48,R
Melaleuca quinquenervia,NSW1075709,2327,3/02/2026,24/02/2026,N,Y,Y,N,89,R
Melaleuca quinquenervia,NSW1075710,2331,3/02/2026,24/02/2026,N,Y,N,UR,69,HR
Melaleuca quinquenervia,NSW1075710,2332,3/02/2026,24/02/2026,N,N,N,N,61,HR
Melaleuca quinquenervia,NSW1075710,2334,3/02/2026,24/02/2026,N,N,Y,R,43,HR
Melaleuca quinquenervia,NSW1075710,2335,3/02/2026,24/02/2026,N,N,N,Mix,57,MS
Melaleuca quinquenervia,NSW1075710,2337,3/02/2026,24/02/2026,Y,Y,Y,N,46,R
Melaleuca quinquenervia,NSW1075710,2339,3/02/2026,24/02/2026,N,N,N,UR,0,MS
Melaleuca quinquenervia,NSW1075710,2340,3/02/2026,24/02/2026,N,N,Y,Mix,18,R
Melaleuca quinquenervia,NSW1075713,2341,3/02/2026,24/02/2026,Y,Y,Y,N,72,R
Melaleuca quinquenervia,NSW1075713,2344,3/02/2026,24/02/2026,N,Y,Y,Mix,25,HR
Melaleuca quinquenervia,NSW1075713,2345,3/02/2026,24/02/2026,Y,Y,N,Mix,20,HR
Melaleuca quinquenervia,NSW1075713,2346,3/02/2026,24/02/2026,Y,Y,Y,UR,93,HR
Melaleuca quinquenervia,NSW1075713,2347,3/02/2026,24/02/2026,Y,N,Y,N,93,MS
Melaleuca quinquenervia,NSW1075713,2348,3/02/2026,24/02/2026,N,N,N,Mix,37,R
Melaleuca quinquenervia,NSW1075713,2351,3/02/2026,24/02/2026,N,Y,Y,R,6,MS
Melaleuca quinquenervia,NSW1075713,2352,3/02/2026,24/02/2026,N,Y,Y,Mix,21,MS
Melaleuca quinquenervia,NSW1075711,2355,3/02/2026,24/02/2026,Y,Y,N,Mix,5,R
Melaleuca quinquenervia,NSW1075711,2357,3/02/2026,24/02/2026,Y,Y,N,Mix,76,MS
Melaleuca quinquenervia,NSW1075711,2358,3/02/2026,24/02/2026,Y,Y,Y,Mix,28,HR
Melaleuca quinquenervia,NSW1075711,2360,3/02/2026,24/02/2026,N,Y,Y,R,79,MS
Melaleuca quinquenervia,NSW1075711,2362,3/02/2026,24/02/2026,Y,N,Y,Mix,75,R
Melaleuca quinquenervia,NSW1075711,2363,3/02/2026,24/02/2026,N,N,N,R,0,MS
Melaleuca quinquenervia,NSW1075711,2364,3/02/2026,24/02/2026,N,N,N,UR,68,S
Melaleuca quinquenervia,NSW1075722,2370,3/02/2026,24/02/2026,Y,N,N,R,96,R
Melaleuca quinquenervia,NSW1075722,2371,3/02/2026,24/02/2026,N,Y,N,R,76,R
Melaleuca quinquenervia,NSW1075722,2375,3/02/2026,24/02/2026,N,N,Y,R,33,R
Melaleuca quinquenervia,NSW1075705,2378,3/02/2026,24/02/2026,N,Y,N,Mix,50,HR
Melaleuca quinquenervia,NSW1075705,2379,3/02/2026,24/02/2026,N,Y,Y,UR,65,HR
Melaleuca quinquenervia,NSW1075705,2381,3/02/2026,24/02/2026,N,N,N,Mix,28,HR
Melaleuca quinquenervia,NSW1075705,2383,3/02/2026,24/02/2026,Y,Y,N,Mix,94,MS
Melaleuca quinquenervia,NSW1075705,2385,3/02/2026,24/02/2026,Y,Y,Y,R,29,R
Melaleuca quinquenervia,NSW1075705,2386,3/02/2026,24/02/2026,N,N,Y,N,62,MS
Melaleuca quinquenervia,NSW1075705,2387,3/02/2026,24/02/2026,Y,Y,N,R,3,HR
Melaleuca quinquenervia,NSW1075705,2388,3/02/2026,24/02/2026,Y,Y,N,R,19,MS
Melaleuca quinquenervia,NSW1075718,2391,3/02/2026,24/02/2026,N,Y,N,R,69,R
Melaleuca quinquenervia,NSW1075718,2393,3/02/2026,24/02/2026,N,N,Y,R,92,MS
Melaleuca quinquenervia,NSW1075718,2395,3/02/2026,24/02/2026,N,N,Y,N,43,S
Melaleuca quinquenervia,NSW1075718,2397,3/02/2026,24/02/2026,N,Y,Y,N,56,R
