Species,SeedlingID,Site,Subsite,MonitoringDate,Surveyor,Height,Mortality,HealthStatus,NewFlush,MyrtleRustWorstScore,MyrtleRustImpactScore,Flecing,Chlorosis,Necrosis,ActiveSpores,MyrtleRustDieback,Notes,Reproduction
Decaspermum humile,3902,Cattai,Wetland Forest,17/10/2025,Karina Guo,24,Live,Healthy,Y,4,5,N,N,Y,Y,Y,,N
Backhousia leptopetala,9320,HWC,Side Swamp,17/10/2025,Karina Guo,53,Live,Healthy,Y,2,3,N,N,N,Y,N,,N
Decaspermum humile,2919,HWC,Wetland Forest,17/10/2025,Karina Guo,53,Live,Healthy,Y,2,3,N,N,N,Y,N,,N
Melaleuca quinquenervia,1,Cattai,Wetland Forest,14/05/2026,Karina Guo,29,Live,Moderate,N,0,0,N,N,N,N,N,,N
Melaleuca quinquenervia,2,Cattai,Wetland Forest,14/05/2026,Karina Guo,43,Live,Poorly,N,1,0,N,N,N,N,N,,N
Melaleuca quinquenervia,3,Cattai,Wetland Forest,14/05/2026,Karina Guo,38,Live,Healthy,Y,0,0,N,N,N,N,N,,N
Melaleuca quinquenervia,4,Cattai,Wetland Forest,14/05/2026,Karina Guo,35,Live,Poorly,N,3,0,N,N,Y,N,N,,N
Melaleuca quinquenervia,5,Cattai,Wetland Forest,14/05/2026,Karina Guo,39,Live,Moderate-Poorly,N,2,0,N,N,N,N,N,,N
Melaleuca quinquenervia,6,Cattai,Wetland Forest,14/05/2026,Karina Guo,39,Live,Healthy-Moderate,Y,0,0,N,N,N,N,N,,N
Melaleuca quinquenervia,7,Cattai,Wetland Forest,14/05/2026,Karina Guo,27,Live,Healthy,N,0,0,N,N,N,N,N,,N
Melaleuca quinquenervia,8,Cattai,Wetland Forest,14/05/2026,Karina Guo,40,Live,Moderate-Poorly,N,0,0,N,N,N,N,N,,N
Melaleuca quinquenervia,9,Cattai,Wetland Forest,14/05/2026,Karina Guo,23,Live,Poorly,Y,2,3,N,Y,N,Y,N,,N
Melaleuca quinquenervia,10,Cattai,Wetland Forest,14/05/2026,Karina Guo,40,Live,Moderate-Poorly,N,1,0,N,N,N,N,N,,N
Melaleuca quinquenervia,14,Cattai,Wetland Forest,14/05/2026,Karina Guo,30,Live,Poorly,N,0,0,N,N,N,N,N,,N
Melaleuca quinquenervia,15,Cattai,Wetland Forest,14/05/2026,Karina Guo,44,Live,Moderate,N,0,0,N,N,N,N,N,,N
Melaleuca quinquenervia,16,Cattai,Wetland Forest,14/05/2026,Karina Guo,42,Live,Healthy-Moderate,Y,0,0,N,N,N,N,N,,N
Melaleuca quinquenervia,19,Cattai,Wetland Forest,14/05/2026,Karina Guo,30,Live,Healthy-Moderate,Y,0,0,N,Y,Y,N,N,,N
Melaleuca quinquenervia,20,Cattai,Wetland Forest,14/05/2026,Karina Guo,37,Live,Poorly,N,0,0,N,N,N,N,N,,N
Melaleuca quinquenervia,22,Cattai,Wetland Forest,14/05/2026,Karina Guo,20,Live,Poorly,N,0,0,N,N,N,N,N,,N
Melaleuca quinquenervia,24,Cattai,Wetland Forest,14/05/2026,Karina Guo,40,Live,Healthy,Y,2,2,N,N,N,Y,N,,N
Melaleuca quinquenervia,25,Cattai,Wetland Forest,14/05/2026,Karina Guo,40,Live,Moderate-Poorly,N,0,0,N,N,N,N,N,,N
Melaleuca quinquenervia,27,Cattai,Wetland Forest,14/05/2026,Karina Guo,40,Live,Healthy,Y,0,0,N,N,N,N,N,,N
Melaleuca quinquenervia,28,Cattai,Wetland Forest,14/05/2026,Karina Guo,40,Live,Healthy-Moderate,Y,0,0,Y,N,N,N,N,,N
Melaleuca quinquenervia,31,Cattai,Wetland Forest,14/05/2026,Karina Guo,31,Live,Moderate-Poorly,Y,0,0,N,N,Y,N,N,,N
Melaleuca quinquenervia,32,Cattai,Wetland Forest,14/05/2026,Karina Guo,14,Live,Moderate-Poorly,Y,2,0,N,N,N,N,N,,N
Melaleuca quinquenervia,35,Cattai,Wetland Forest,14/05/2026,Karina Guo,45,Live,Healthy,Y,1,1,N,N,Y,N,N,,N
Melaleuca quinquenervia,36,Cattai,Wetland Forest,14/05/2026,Karina Guo,40,Live,Healthy,N,2,1,N,N,N,N,N,,N
Melaleuca quinquenervia,37,Cattai,Wetland Forest,14/05/2026,Karina Guo,36,Live,Moderate-Poorly,Y,4,4,N,N,Y,N,N,,N
Melaleuca quinquenervia,39,Cattai,Wetland Forest,14/05/2026,Karina Guo,46,Live,Healthy,Y,1,2,N,Y,Y,Y,N,,N
Melaleuca quinquenervia,41,Cattai,Wetland Forest,14/05/2026,Karina Guo,32,Live,Moderate,Y,3,2,N,N,Y,N,N,,N
Melaleuca quinquenervia,43,Cattai,Wetland Forest,14/05/2026,Karina Guo,48,Live,Healthy,Y,1,2,N,N,N,Y,N,,N
Melaleuca quinquenervia,45,Cattai,Wetland Forest,14/05/2026,Karina Guo,20,Live,Poorly,Y,0,0,N,N,N,N,N,,N
Melaleuca quinquenervia,49,Cattai,Wetland Forest,14/05/2026,Karina Guo,37,Live,Poorly,N,4,1,N,N,N,N,N,,N
Melaleuca quinquenervia,51,Cattai,Wetland Forest,14/05/2026,Karina Guo,33,Live,Poorly,Y,,,,,,,,,N
Melaleuca quinquenervia,55,Cattai,Wetland Forest,14/05/2026,Karina Guo,62,Live,Healthy,Y,2,2,N,N,Y,Y,N,,N
Melaleuca quinquenervia,57,Cattai,Wetland Forest,14/05/2026,Karina Guo,73,Live,Healthy,Y,0,0,N,N,N,N,N,,N
Melaleuca quinquenervia,61,Cattai,Wetland Forest,14/05/2026,Karina Guo,64,Live,Healthy,Y,0,0,N,N,Y,N,N,,N
Melaleuca quinquenervia,62,Cattai,Wetland Forest,14/05/2026,Karina Guo,47,Live,Healthy,Y,1,2,N,N,N,Y,N,,N
Melaleuca quinquenervia,63,Cattai,Wetland Forest,14/05/2026,Karina Guo,46,Live,Moderate,N,0,0,N,N,N,N,N,,N
Melaleuca quinquenervia,65,Cattai,Wetland Forest,14/05/2026,Karina Guo,48,Live,Healthy,Y,1,2,N,N,Y,Y,N,,N
Melaleuca quinquenervia,66,Cattai,Wetland Forest,14/05/2026,Karina Guo,35,Live,Moderate,Y,1,2,N,N,Y,Y,N,,N
Melaleuca quinquenervia,68,Cattai,Wetland Forest,14/05/2026,Karina Guo,35,Live,Healthy-Moderate,N,0,0,N,N,N,N,N,,N
Melaleuca quinquenervia,71,Cattai,Wetland Forest,14/05/2026,Karina Guo,31,Live,Healthy-Moderate,Y,0,0,N,N,N,N,N,,N
Melaleuca quinquenervia,81,Cattai,Wetland Forest,14/05/2026,Karina Guo,49,Live,Healthy,Y,1,2,Y,N,Y,Y,N,,N
Melaleuca quinquenervia,82,Cattai,Wetland Forest,14/05/2026,Karina Guo,30,Live,Poorly,N,3,0,N,N,N,N,N,,N
Melaleuca quinquenervia,83,Cattai,Wetland Forest,14/05/2026,Karina Guo,35,Live,Healthy,N,0,0,N,N,N,N,N,,N
Melaleuca quinquenervia,85,Cattai,Wetland Forest,14/05/2026,Karina Guo,40,Live,Healthy,N,0,0,N,N,N,N,N,,N
Melaleuca quinquenervia,87,Cattai,Wetland Forest,14/05/2026,Karina Guo,30,Live,Healthy,Y,0,0,N,N,N,N,N,,N
Melaleuca quinquenervia,89,Cattai,Wetland Forest,14/05/2026,Karina Guo,44,Live,Healthy,Y,0,0,N,N,N,N,N,,N
Melaleuca quinquenervia,90,Cattai,Wetland Forest,14/05/2026,Karina Guo,73,Live,Healthy,Y,1,2,N,N,Y,Y,N,,N
Melaleuca quinquenervia,94,Cattai,Wetland Forest,14/05/2026,Karina Guo,38,Live,Healthy,Y,2,2,N,N,N,Y,N,,N
Melaleuca quinquenervia,97,Cattai,Wetland Forest,14/05/2026,Karina Guo,45,Live,Poorly,N,2,0,N,N,N,N,N,,N
Melaleuca quinquenervia,98,Cattai,Wetland Forest,14/05/2026,Karina Guo,16,Live,Moderate,N,4,3,N,N,Y,N,N,,N
Melaleuca quinquenervia,99,Cattai,Wetland Forest,14/05/2026,Karina Guo,27,Live,Moderate-Poorly,Y,0,0,N,N,N,N,N,,N
Melaleuca quinquenervia,101,Cattai,Wetland Forest,14/05/2026,Karina Guo,48,Live,Poorly,Y,4,3,N,Y,Y,Y,N,,N
Melaleuca quinquenervia,102,Cattai,Wetland Forest,14/05/2026,Karina Guo,41,Live,Healthy-Moderate,Y,3,3,N,N,Y,Y,N,,N
Melaleuca quinquenervia,103,Cattai,Wetland Forest,14/05/2026,Karina Guo,23,Live,Healthy,Y,0,0,N,N,N,N,N,,N
Melaleuca quinquenervia,106,Cattai,Wetland Forest,14/05/2026,Karina Guo,27,Live,Moderate-Poorly,N,0,0,N,N,N,N,N,,N
Melaleuca quinquenervia,107,Cattai,Wetland Forest,14/05/2026,Karina Guo,44,Live,Moderate,Y,2,0,N,N,N,N,N,,N
Melaleuca quinquenervia,108,Cattai,Wetland Forest,14/05/2026,Karina Guo,38,Live,Moderate,Y,1,0,N,N,N,N,N,,N
Melaleuca quinquenervia,109,Cattai,Wetland Forest,14/05/2026,Karina Guo,49,Live,Healthy,Y,1,2,N,N,N,Y,N,,N
Melaleuca quinquenervia,112,Cattai,Wetland Forest,14/05/2026,Karina Guo,48,Live,Healthy,Y,1,2,N,N,Y,Y,N,,N
Melaleuca quinquenervia,113,Cattai,Wetland Forest,14/05/2026,Karina Guo,87,Live,Healthy,Y,2,1,Y,N,Y,N,N,,N
Melaleuca quinquenervia,116,Cattai,Wetland Forest,14/05/2026,Karina Guo,29,Live,Moderate-Poorly,Y,4,4,N,N,Y,Y,N,,N
Melaleuca quinquenervia,118,Cattai,Wetland Forest,14/05/2026,Karina Guo,81,Live,Healthy,Y,1,3,N,N,Y,Y,N,,N
Melaleuca quinquenervia,120,Cattai,Wetland Forest,14/05/2026,Karina Guo,47,Live,Healthy,Y,4,4,N,Y,Y,Y,N,,N
Melaleuca quinquenervia,121,Cattai,Wetland Forest,14/05/2026,Karina Guo,17,Live,Poorly,Y,3,1,N,N,Y,N,N,,N
Melaleuca quinquenervia,122,Cattai,Wetland Forest,14/05/2026,Karina Guo,37,Live,Moderate,N,3,2,N,N,N,N,N,,N
Melaleuca quinquenervia,123,Cattai,Wetland Forest,14/05/2026,Karina Guo,43,Live,Healthy,Y,3,2,N,N,Y,Y,N,,N
Melaleuca quinquenervia,124,Cattai,Wetland Forest,14/05/2026,Karina Guo,26,Live,Moderate-Poorly,Y,0,0,N,N,Y,N,N,,N
Melaleuca quinquenervia,125,Cattai,Wetland Forest,14/05/2026,Karina Guo,39,Live,Moderate,N,2,0,N,N,N,N,N,,N
Melaleuca quinquenervia,126,Cattai,Wetland Forest,14/05/2026,Karina Guo,45,Live,Poorly,N,4,5,N,N,N,N,N,,N
Melaleuca quinquenervia,127,Cattai,Wetland Forest,14/05/2026,Karina Guo,49,Live,Moderate,Y,4,5,N,Y,Y,Y,N,,N
Melaleuca quinquenervia,128,Cattai,Wetland Forest,14/05/2026,Karina Guo,50,Live,Healthy,Y,1,3,N,N,N,N,N,,N
Melaleuca quinquenervia,129,Cattai,Wetland Forest,14/05/2026,Karina Guo,53,Live,Healthy,Y,3,5,N,N,N,Y,N,,N
Melaleuca quinquenervia,130,Cattai,Wetland Forest,14/05/2026,Karina Guo,56,Live,Healthy,N,0,0,N,N,N,N,N,,N
Melaleuca quinquenervia,131,Cattai,Wetland Forest,14/05/2026,Karina Guo,45,Live,Healthy,Y,3,3,N,Y,N,Y,N,,N
Melaleuca quinquenervia,132,Cattai,Wetland Forest,14/05/2026,Karina Guo,54,Live,Healthy,Y,1,0,N,N,N,N,N,,N
Melaleuca quinquenervia,133,Cattai,Wetland Forest,14/05/2026,Karina Guo,40,Live,Moderate,Y,3,4,N,N,Y,Y,N,,N
Melaleuca quinquenervia,134,Cattai,Side swamp,14/05/2026,Karina Guo,29,Live,Moderate,N,0,0,N,N,N,N,N,,N
Melaleuca quinquenervia,136,Cattai,Side swamp,4/06/2026,Karina Guo,35,Live,Poorly,N,3,0,N,N,N,N,N,,N
Melaleuca quinquenervia,137,Cattai,Side swamp,4/06/2026,Karina Guo,37,Live,Moderate,Y,1,0,N,N,N,N,N,,N
Melaleuca quinquenervia,138,Cattai,Side swamp,4/06/2026,Karina Guo,36,Live,Poorly,N,3,0,N,N,N,N,N,,N
Melaleuca quinquenervia,139,Cattai,Side swamp,4/06/2026,Karina Guo,32,Live,Poorly,N,,,,,,,N,,N
Melaleuca quinquenervia,140,Cattai,Side swamp,4/06/2026,Karina Guo,27,Live,Moderate-Poorly,Y,0,0,N,N,N,N,N,,N
Melaleuca quinquenervia,141,HWC,Side swamp,4/06/2026,Karina Guo,34,Live,Moderate-Poorly,Y,0,0,N,N,N,N,N,,N
Melaleuca quinquenervia,142,HWC,Side swamp,4/06/2026,Karina Guo,23,Live,Poorly,Y,0,0,N,N,N,N,N,,N
Melaleuca quinquenervia,143,HWC,Side swamp,4/06/2026,Karina Guo,33,Live,Poorly,N,,,,,,,N,,N
Melaleuca quinquenervia,145,HWC,Wetland Forest,4/06/2026,Karina Guo,49,Live,Poorly,N,2,0,N,N,N,N,N,,N
Melaleuca quinquenervia,146,HWC,Wetland Forest,4/06/2026,Karina Guo,37,Live,Moderate-Poorly,Y,0,0,N,N,N,N,N,,N
Melaleuca quinquenervia,147,HWC,Wetland Forest,4/06/2026,Karina Guo,62,Live,Poorly,N,0,0,N,N,N,N,N,,N
Melaleuca quinquenervia,148,HWC,Wetland Forest,4/06/2026,Karina Guo,47,Live,Poorly,Y,0,0,N,N,N,N,N,,N
Melaleuca quinquenervia,149,HWC,Wetland Forest,4/06/2026,Karina Guo,30,Live,Moderate-Poorly,Y,0,0,N,N,N,N,N,,N
Melaleuca quinquenervia,150,HWC,Wetland Forest,4/06/2026,Karina Guo,38,Live,Poorly,N,0,0,N,N,N,N,N,,N
Melaleuca quinquenervia,151,HWC,Wetland Forest,4/06/2026,Karina Guo,34,Live,Poorly,N,0,0,N,N,N,N,N,,N
Melaleuca quinquenervia,152,HWC,Wetland Forest,4/06/2026,Karina Guo,52,Live,Healthy,Y,0,0,N,N,N,N,N,,N
Melaleuca quinquenervia,153,HWC,Wetland Forest,4/06/2026,Karina Guo,33,Live,Poorly,Y,0,0,N,N,N,N,N,,N
Melaleuca quinquenervia,154,HWC,Wetland Forest,4/06/2026,Karina Guo,57,Live,Healthy-Moderate,N,0,0,N,N,N,N,N,,N
Melaleuca quinquenervia,155,HWC,Wetland Forest,4/06/2026,Karina Guo,33,Live,Poorly,N,0,0,N,N,N,N,N,,N
Melaleuca quinquenervia,157,HWC,Wetland Forest,4/06/2026,Karina Guo,21,Live,Moderate,Y,0,0,N,N,N,N,N,,N
Melaleuca quinquenervia,159,HWC,Wetland Forest,4/06/2026,Karina Guo,35,Live,Moderate,Y,0,0,N,N,N,N,N,,N
Melaleuca quinquenervia,161,HWC,Wetland Forest,4/06/2026,Karina Guo,54,Live,Healthy,N,0,0,N,N,N,N,N,,N
Melaleuca quinquenervia,163,HWC,Wetland Forest,4/06/2026,Karina Guo,26,Live,Poorly,Y,0,0,N,N,N,N,N,,N
Melaleuca quinquenervia,165,HWC,Wetland Forest,4/06/2026,Karina Guo,29,Live,Healthy,Y,0,0,N,N,N,N,N,,N
Melaleuca quinquenervia,169,HWC,Wetland Forest,4/06/2026,Karina Guo,44,Live,Poorly,Y,2,0,N,N,N,N,N,,N
Melaleuca quinquenervia,171,HWC,Wetland Forest,4/06/2026,Karina Guo,38,Live,Moderate-Poorly,N,0,0,N,N,N,N,N,,N
Melaleuca quinquenervia,173,HWC,Wetland Forest,4/06/2026,Karina Guo,35,Live,Moderate-Poorly,N,0,0,N,N,N,N,N,,N
Melaleuca quinquenervia,175,HWC,Wetland Forest,4/06/2026,Karina Guo,37,Live,Poorly,Y,0,0,N,N,N,N,N,,N
Melaleuca quinquenervia,177,HWC,Wetland Forest,4/06/2026,Karina Guo,37,Live,Moderate-Poorly,Y,0,0,N,N,N,N,N,,N
Melaleuca quinquenervia,179,HWC,Wetland Forest,4/06/2026,Karina Guo,23,Live,Poorly,Y,0,0,N,N,N,N,N,,N
Melaleuca quinquenervia,181,HWC,Wetland Forest,4/06/2026,Karina Guo,22,Live,Poorly,Y,1,0,N,N,Y,N,N,,N
Melaleuca quinquenervia,182,HWC,Wetland Forest,4/06/2026,Karina Guo,42,Live,Moderate-Poorly,Y,0,0,N,N,N,N,N,,N
Melaleuca quinquenervia,183,HWC,Wetland Forest,4/06/2026,Karina Guo,44,Live,Poorly,N,0,0,N,N,N,N,N,,N
Melaleuca quinquenervia,184,HWC,Wetland Forest,4/06/2026,Karina Guo,42,Live,Moderate-Poorly,N,0,0,N,N,N,N,N,,N
Melaleuca quinquenervia,185,HWC,Wetland Forest,4/06/2026,Karina Guo,32,Live,Poorly,N,0,0,N,N,N,N,N,,N
Melaleuca quinquenervia,186,HWC,Wetland Forest,4/06/2026,Karina Guo,28,Live,Healthy-Moderate,N,0,0,N,N,N,N,N,,N
Melaleuca quinquenervia,187,HWC,Wetland Forest,4/06/2026,Karina Guo,38,Live,Poorly,N,0,0,N,N,N,N,N,,N
Melaleuca quinquenervia,188,HWC,Wetland Forest,4/06/2026,Karina Guo,31,Live,Poorly,Y,2,0,N,N,N,N,N,,N
Melaleuca quinquenervia,189,HWC,Wetland Forest,4/06/2026,Karina Guo,16,Live,Poorly,Y,0,0,N,N,N,N,N,,N
Melaleuca quinquenervia,190,HWC,Wetland Forest,4/06/2026,Karina Guo,40,Live,Healthy,Y,3,2,N,N,Y,N,N,,N
