"decimalLatitude","decimalLongitude","species"
-33.377817,151.404686,"Decaspermum humile"
-33.366667,151.366667,"Decaspermum humile"
-33.366667,151.366667,"Decaspermum humile"
-33.33219,151.314994,"Decaspermum humile"
-33.329583,151.378644,"Decaspermum humile"
-33.316667,151.316667,"Decaspermum humile"
-32.306755,151.361365,"Decaspermum humile"
-32.306755,151.361365,"Decaspermum humile"
-31.97188,152.397718,"Decaspermum humile"
-31.945541,152.41575,"Decaspermum humile"
-31.915083,151.917787,"Decaspermum humile"
-31.866667,151.816667,"Decaspermum humile"
-31.866667,151.816667,"Decaspermum humile"
-31.8,152.366667,"Decaspermum humile"
-31.5,152.6667,"Decaspermum humile"
-31.484425,152.779998,"Decaspermum humile"
-31.461926,152.931279,"Decaspermum humile"
-31.45,152.666667,"Decaspermum humile"
-31.45,152.916667,"Decaspermum humile"
-31.45,152.916667,"Decaspermum humile"
-31.45,152.9167,"Decaspermum humile"
-31.416667,152.916667,"Decaspermum humile"
-31.390881,152.233344,"Decaspermum humile"
-31.38708,152.225424,"Decaspermum humile"
-31.242914,152.42115,"Decaspermum humile"
-31.151817,152.393063,"Decaspermum humile"
-31.066667,152.1,"Decaspermum humile"
-30.8333,152.5,"Decaspermum humile"
-30.474006,152.921763,"Decaspermum humile"
-30.45,152.733333,"Decaspermum humile"
-30.437977,153.066918,"Decaspermum humile"
-30.4167,152.8333,"Decaspermum humile"
-30.4,152.733333,"Decaspermum humile"
-30.390485,152.807674,"Decaspermum humile"
-30.390176,152.805007,"Decaspermum humile"
-30.319347,152.826297,"Decaspermum humile"
-30.308,153.002657,"Decaspermum humile"
-30.307103,153.004559,"Decaspermum humile"
-30.306601,153.004515,"Decaspermum humile"
-30.306411,153.004778,"Decaspermum humile"
-30.306386,153.004805,"Decaspermum humile"
-30.305775,153.004813,"Decaspermum humile"
-30.305318,153.00504,"Decaspermum humile"
-30.300125,153.006101,"Decaspermum humile"
-30.299622,153.005106,"Decaspermum humile"
-30.25,152.633333,"Decaspermum humile"
-30.233333,153.016667,"Decaspermum humile"
-30.226729,152.928333,"Decaspermum humile"
-30.219915,153.052917,"Decaspermum humile"
-30.219825,153.053802,"Decaspermum humile"
-30.219555,153.053162,"Decaspermum humile"
-30.219534,153.053103,"Decaspermum humile"
-30.216667,153.016667,"Decaspermum humile"
-30.213692,152.667539,"Decaspermum humile"
-30.2008,152.780596,"Decaspermum humile"
-30.2,153.05,"Decaspermum humile"
-30.166667,152.7,"Decaspermum humile"
-30.151105,152.676908,"Decaspermum humile"
-30.136949,152.957469,"Decaspermum humile"
-30.133396,152.704159,"Decaspermum humile"
-30.132644,152.44979,"Decaspermum humile"
-30.114555,152.723406,"Decaspermum humile"
-30.114442,153.171565,"Decaspermum humile"
-30.113859,153.149512,"Decaspermum humile"
-30.113239,152.724302,"Decaspermum humile"
-30.092652,153.029003,"Decaspermum humile"
-30.0667,152.6167,"Decaspermum humile"
-30.062179,153.110073,"Decaspermum humile"
-30.062005,153.075541,"Decaspermum humile"
-30,152.666667,"Decaspermum humile"
-29.994078,152.679616,"Decaspermum humile"
-29.97773,152.525804,"Decaspermum humile"
-29.977722,152.525798,"Decaspermum humile"
-29.915008,152.52765,"Decaspermum humile"
-29.915008,152.52765,"Decaspermum humile"
-29.914685,152.528148,"Decaspermum humile"
-29.907817,152.211033,"Decaspermum humile"
-29.907808,152.211028,"Decaspermum humile"
-29.780848,153.15185,"Decaspermum humile"
-29.7575,152.619,"Decaspermum humile"
-29.698763,152.568432,"Decaspermum humile"
-29.65947,153.130963,"Decaspermum humile"
-29.658207,153.13059,"Decaspermum humile"
-29.622984,152.94944,"Decaspermum humile"
-29.622269,153.147174,"Decaspermum humile"
-29.62207,152.956965,"Decaspermum humile"
-29.451399,152.678473,"Decaspermum humile"
-29.449461,152.679002,"Decaspermum humile"
-29.081777,153.23638,"Decaspermum humile"
-29.081777,153.23638,"Decaspermum humile"
-29.081777,153.23638,"Decaspermum humile"
-29.080667,153.23642,"Decaspermum humile"
-29.080667,153.23642,"Decaspermum humile"
-29.080667,153.23642,"Decaspermum humile"
-28.978214,152.38681,"Decaspermum humile"
-28.95847,152.62323,"Decaspermum humile"
-28.927838,152.773299,"Decaspermum humile"
-28.927744,153.459019,"Decaspermum humile"
-28.922748,153.455037,"Decaspermum humile"
-28.916667,152.75,"Decaspermum humile"
-28.915063,153.417745,"Decaspermum humile"
-28.9,153.516667,"Decaspermum humile"
-28.899024,152.746058,"Decaspermum humile"
-28.897662,152.751682,"Decaspermum humile"
-28.8667,153.3667,"Decaspermum humile"
-28.866667,153.05,"Decaspermum humile"
-28.865966,153.404229,"Decaspermum humile"
-28.8333,153.25,"Decaspermum humile"
-28.8333,153,"Decaspermum humile"
-28.8333,153,"Decaspermum humile"
-28.8333,153.25,"Decaspermum humile"
-28.832344,153.288004,"Decaspermum humile"
-28.817056,153.593222,"Decaspermum humile"
-28.816667,153.416667,"Decaspermum humile"
-28.816667,153.416667,"Decaspermum humile"
-28.816667,153.266667,"Decaspermum humile"
-28.816667,153.266667,"Decaspermum humile"
-28.816667,153.4,"Decaspermum humile"
-28.816667,153.266667,"Decaspermum humile"
-28.816667,153.266667,"Decaspermum humile"
-28.810811,153.298778,"Decaspermum humile"
-28.810166,153.296665,"Decaspermum humile"
-28.805628,153.346313,"Decaspermum humile"
-28.8,153.6,"Decaspermum humile"
-28.8,153.516667,"Decaspermum humile"
-28.8,153.6,"Decaspermum humile"
-28.779983,153.331536,"Decaspermum humile"
-28.779254,153.331162,"Decaspermum humile"
-28.778695,153.330446,"Decaspermum humile"
-28.759907,153.345464,"Decaspermum humile"
-28.759907,153.345464,"Decaspermum humile"
-28.759907,153.345464,"Decaspermum humile"
-28.749797,153.479686,"Decaspermum humile"
-28.723851,153.399062,"Decaspermum humile"
-28.72032,153.604893,"Decaspermum humile"
-28.718336,153.600519,"Decaspermum humile"
-28.714433,153.613388,"Decaspermum humile"
-28.708083,153.560359,"Decaspermum humile"
-28.696375,153.424562,"Decaspermum humile"
-28.688751,153.440571,"Decaspermum humile"
-28.686367,153.528573,"Decaspermum humile"
-28.680114,153.29331,"Decaspermum humile"
-28.666667,153.283333,"Decaspermum humile"
-28.645944,153.241389,"Decaspermum humile"
-28.639595,153.332772,"Decaspermum humile"
-28.635969,153.37348,"Decaspermum humile"
-28.635966,153.374503,"Decaspermum humile"
-28.635346,153.370245,"Decaspermum humile"
-28.633333,153.316667,"Decaspermum humile"
-28.633333,153.316667,"Decaspermum humile"
-28.633333,153.283333,"Decaspermum humile"
-28.633333,153.283333,"Decaspermum humile"
-28.616667,153.4,"Decaspermum humile"
-28.616667,153.316667,"Decaspermum humile"
-28.616667,153.316667,"Decaspermum humile"
-28.616667,152.416667,"Decaspermum humile"
-28.616653,153.431079,"Decaspermum humile"
-28.616,153.392,"Decaspermum humile"
-28.605462,153.367813,"Decaspermum humile"
-28.603594,152.713317,"Decaspermum humile"
-28.602062,153.373122,"Decaspermum humile"
-28.6,153.35,"Decaspermum humile"
-28.5833,153.35,"Decaspermum humile"
-28.5833,153.35,"Decaspermum humile"
-28.5833,153.35,"Decaspermum humile"
-28.58173,153.417745,"Decaspermum humile"
-28.58173,153.417745,"Decaspermum humile"
-28.58173,153.417745,"Decaspermum humile"
-28.580556,153.580556,"Decaspermum humile"
-28.570675,153.31485,"Decaspermum humile"
-28.57045,153.31429,"Decaspermum humile"
-28.568392,153.361053,"Decaspermum humile"
-28.567992,153.309037,"Decaspermum humile"
-28.560117,153.314017,"Decaspermum humile"
-28.559063,153.535818,"Decaspermum humile"
-28.557518,153.343555,"Decaspermum humile"
-28.556631,153.337418,"Decaspermum humile"
-28.5553,153.485,"Decaspermum humile"
-28.551982,153.407183,"Decaspermum humile"
-28.551193,153.263876,"Decaspermum humile"
-28.550743,153.489706,"Decaspermum humile"
-28.55,153.3167,"Decaspermum humile"
-28.549,153.432,"Decaspermum humile"
-28.542262,153.291405,"Decaspermum humile"
-28.541379,153.293568,"Decaspermum humile"
-28.540717,153.297933,"Decaspermum humile"
-28.540326,153.297749,"Decaspermum humile"
-28.529013,153.216397,"Decaspermum humile"
-28.523332,153.254609,"Decaspermum humile"
-28.522187,153.35585,"Decaspermum humile"
-28.521303,153.384318,"Decaspermum humile"
-28.520709,153.276907,"Decaspermum humile"
-28.518454,153.23656,"Decaspermum humile"
-28.516667,153.166667,"Decaspermum humile"
-28.516667,153.166667,"Decaspermum humile"
-28.516034,153.526615,"Decaspermum humile"
-28.516014,153.526745,"Decaspermum humile"
-28.508205,153.35892,"Decaspermum humile"
-28.501885,153.539266,"Decaspermum humile"
-28.489706,153.474024,"Decaspermum humile"
-28.488018,152.398268,"Decaspermum humile"
-28.4878,153.3556,"Decaspermum humile"
-28.487778,153.355556,"Decaspermum humile"
-28.484506,152.684287,"Decaspermum humile"
-28.48443,153.381542,"Decaspermum humile"
-28.483333,152.966667,"Decaspermum humile"
-28.481259,153.429677,"Decaspermum humile"
-28.480893,153.148177,"Decaspermum humile"
-28.479674,153.324836,"Decaspermum humile"
-28.477973,153.511397,"Decaspermum humile"
-28.477972,153.14559,"Decaspermum humile"
-28.476855,153.511057,"Decaspermum humile"
-28.476142,153.508376,"Decaspermum humile"
-28.476134,153.508785,"Decaspermum humile"
-28.476116,153.508376,"Decaspermum humile"
-28.475642,153.146717,"Decaspermum humile"
-28.475403,153.508083,"Decaspermum humile"
-28.475339,153.507728,"Decaspermum humile"
-28.46918,153.236998,"Decaspermum humile"
-28.461024,152.417981,"Decaspermum humile"
-28.458932,153.13441,"Decaspermum humile"
-28.456903,153.126915,"Decaspermum humile"
-28.456757,153.129003,"Decaspermum humile"
-28.453522,153.301477,"Decaspermum humile"
-28.450346,153.140413,"Decaspermum humile"
-28.45,153.1,"Decaspermum humile"
-28.437274,153.139204,"Decaspermum humile"
-28.430237,153.437247,"Decaspermum humile"
-28.430148,153.124025,"Decaspermum humile"
-28.424193,153.129972,"Decaspermum humile"
-28.416667,152.416667,"Decaspermum humile"
-28.416667,152.7,"Decaspermum humile"
-28.415075,152.417753,"Decaspermum humile"
-28.415067,153.084403,"Decaspermum humile"
-28.405921,153.526417,"Decaspermum humile"
-28.405689,153.525538,"Decaspermum humile"
-28.400165,153.281878,"Decaspermum humile"
-28.397138,153.491948,"Decaspermum humile"
-28.390975,153.32112,"Decaspermum humile"
-28.389999,153.321913,"Decaspermum humile"
-28.388533,153.323276,"Decaspermum humile"
-28.388057,153.323734,"Decaspermum humile"
-28.387805,153.245762,"Decaspermum humile"
-28.386759,153.073135,"Decaspermum humile"
-28.386313,153.078718,"Decaspermum humile"
-28.3862,153.463598,"Decaspermum humile"
-28.383333,152.316667,"Decaspermum humile"
-28.383333,153.1,"Decaspermum humile"
-28.3832634,152.383307,"Decaspermum humile"
-28.379487,153.071998,"Decaspermum humile"
-28.375578,153.45948,"Decaspermum humile"
-28.36982,152.65936,"Decaspermum humile"
-28.369457,153.074137,"Decaspermum humile"
-28.367914,153.087298,"Decaspermum humile"
-28.364651,153.334395,"Decaspermum humile"
-28.3643,152.759673,"Decaspermum humile"
-28.362445,153.109601,"Decaspermum humile"
-28.362247,152.760753,"Decaspermum humile"
-28.360268,153.111752,"Decaspermum humile"
-28.35788,152.947934,"Decaspermum humile"
-28.356741,152.426087,"Decaspermum humile"
-28.346944,153.12288,"Decaspermum humile"
-28.346616,153.256878,"Decaspermum humile"
-28.345959,152.722828,"Decaspermum humile"
-28.340989,153.13022,"Decaspermum humile"
-28.33556,152.9461,"Decaspermum humile"
-28.334834,152.938456,"Decaspermum humile"
-28.333593,152.95603,"Decaspermum humile"
-28.3333,153.3333,"Decaspermum humile"
-28.33037,152.985486,"Decaspermum humile"
-28.329405,152.425576,"Decaspermum humile"
-28.32741,152.827207,"Decaspermum humile"
-28.325577,152.420914,"Decaspermum humile"
-28.323212,152.887829,"Decaspermum humile"
-28.319737,152.842788,"Decaspermum humile"
-28.319592,153.383004,"Decaspermum humile"
-28.319364,152.510233,"Decaspermum humile"
-28.318287,152.929047,"Decaspermum humile"
-28.316667,153.4,"Decaspermum humile"
-28.316667,153.4,"Decaspermum humile"
-28.316667,153.4,"Decaspermum humile"
-28.315948,152.847173,"Decaspermum humile"
-28.314636,153.14254,"Decaspermum humile"
-28.312666,153.114792,"Decaspermum humile"
-28.311413,152.860062,"Decaspermum humile"
-28.311142,152.858337,"Decaspermum humile"
-28.310354,152.858648,"Decaspermum humile"
-28.308655,153.513362,"Decaspermum humile"
-28.306741,152.392753,"Decaspermum humile"
-28.3,153.216667,"Decaspermum humile"
-28.299797,152.42192,"Decaspermum humile"
-28.29974,152.446316,"Decaspermum humile"
-28.29971,152.44669,"Decaspermum humile"
-28.299451,152.433098,"Decaspermum humile"
-28.29913,152.43581,"Decaspermum humile"
-28.295923,152.402959,"Decaspermum humile"
-28.29408,152.44325,"Decaspermum humile"
-28.29368,152.44325,"Decaspermum humile"
-28.29314,152.4431,"Decaspermum humile"
-28.293113,152.443077,"Decaspermum humile"
-28.292062,152.442222,"Decaspermum humile"
-28.29187,152.44266,"Decaspermum humile"
-28.2875,153.201944,"Decaspermum humile"
-28.287,153.202,"Decaspermum humile"
-28.278257,152.605742,"Decaspermum humile"
-28.273849,153.328247,"Decaspermum humile"
-28.267283,152.390967,"Decaspermum humile"
-28.266667,153.35,"Decaspermum humile"
-28.266584,153.156167,"Decaspermum humile"
-28.264255,153.224935,"Decaspermum humile"
-28.263694,153.223047,"Decaspermum humile"
-28.262187,153.218986,"Decaspermum humile"
-28.260497,152.932619,"Decaspermum humile"
-28.256926,153.118668,"Decaspermum humile"
-28.256875,153.162489,"Decaspermum humile"
-28.255833,152.485278,"Decaspermum humile"
-28.255274,153.20348,"Decaspermum humile"
-28.253762,153.441279,"Decaspermum humile"
-28.253671,152.491206,"Decaspermum humile"
-28.25304,153.44146,"Decaspermum humile"
-28.252197,153.442135,"Decaspermum humile"
-28.251667,153.441667,"Decaspermum humile"
-28.251472,153.442948,"Decaspermum humile"
-28.25079,153.263563,"Decaspermum humile"
-28.250275,153.264102,"Decaspermum humile"
-28.250211,153.199155,"Decaspermum humile"
-28.249509,153.242751,"Decaspermum humile"
-28.248926,153.235807,"Decaspermum humile"
-28.248408,152.251087,"Decaspermum humile"
-28.248401,153.084403,"Decaspermum humile"
-28.248401,153.084403,"Decaspermum humile"
-28.248401,153.084403,"Decaspermum humile"
-28.248401,153.084403,"Decaspermum humile"
-28.247946,152.969639,"Decaspermum humile"
-28.246053,153.444884,"Decaspermum humile"
-28.243233,153.264908,"Decaspermum humile"
-28.242224,153.263894,"Decaspermum humile"
-28.24144,153.32885,"Decaspermum humile"
-28.241344,153.202756,"Decaspermum humile"
-28.241226,153.264297,"Decaspermum humile"
-28.240166,153.21573,"Decaspermum humile"
-28.240067,153.142737,"Decaspermum humile"
-28.240006,153.284789,"Decaspermum humile"
-28.239916,153.284432,"Decaspermum humile"
-28.239876,153.330342,"Decaspermum humile"
-28.239824,153.267034,"Decaspermum humile"
-28.239265,153.268218,"Decaspermum humile"
-28.238918,153.268509,"Decaspermum humile"
-28.238889,153.268333,"Decaspermum humile"
-28.238578,153.219767,"Decaspermum humile"
-28.238335,153.268834,"Decaspermum humile"
-28.238201,153.268882,"Decaspermum humile"
-28.238126,153.268794,"Decaspermum humile"
-28.238124,153.268658,"Decaspermum humile"
-28.237992,153.346011,"Decaspermum humile"
-28.23783,153.128822,"Decaspermum humile"
-28.237803,153.269207,"Decaspermum humile"
-28.23756,153.26802,"Decaspermum humile"
-28.237432,153.250767,"Decaspermum humile"
-28.237,153.32885,"Decaspermum humile"
-28.235094,153.288728,"Decaspermum humile"
-28.234986,153.288667,"Decaspermum humile"
-28.234941,153.288418,"Decaspermum humile"
-28.234727,153.249925,"Decaspermum humile"
-28.234702,153.288325,"Decaspermum humile"
-28.23462,153.288377,"Decaspermum humile"
-28.234512,153.289403,"Decaspermum humile"
-28.234461,153.28949,"Decaspermum humile"
-28.234426,153.289672,"Decaspermum humile"
-28.233978,153.287778,"Decaspermum humile"
-28.233889,153.139167,"Decaspermum humile"
-28.233782,153.267328,"Decaspermum humile"
-28.233612,153.287462,"Decaspermum humile"
-28.232427,153.266697,"Decaspermum humile"
-28.231944,153.265833,"Decaspermum humile"
-28.231462,153.138123,"Decaspermum humile"
-28.231106,153.28487,"Decaspermum humile"
-28.230837,153.243867,"Decaspermum humile"
-28.230695,153.135122,"Decaspermum humile"
-28.230647,153.135163,"Decaspermum humile"
-28.23,153.28,"Decaspermum humile"
-28.229103,153.135435,"Decaspermum humile"
-28.228759,153.314981,"Decaspermum humile"
-28.228569,153.315064,"Decaspermum humile"
-28.22775,153.2755,"Decaspermum humile"
-28.22775,153.2755,"Decaspermum humile"
-28.227252,153.12395,"Decaspermum humile"
-28.226585,153.119583,"Decaspermum humile"
-28.225408,153.12773,"Decaspermum humile"
-28.225277,153.259731,"Decaspermum humile"
-28.22477,153.272735,"Decaspermum humile"
-28.224762,153.27273,"Decaspermum humile"
-28.224748,153.272718,"Decaspermum humile"
-28.224696,153.283848,"Decaspermum humile"
-28.223724,153.273077,"Decaspermum humile"
-28.22259,153.27692,"Decaspermum humile"
-28.22228,153.12416,"Decaspermum humile"
-28.221111,153.273056,"Decaspermum humile"
-28.220056,153.298972,"Decaspermum humile"
-28.217217,153.259593,"Decaspermum humile"
-28.216838,153.191932,"Decaspermum humile"
-28.2167,153.2667,"Decaspermum humile"
-28.216667,153.383333,"Decaspermum humile"
-28.216667,153.266667,"Decaspermum humile"
-28.216667,153.383333,"Decaspermum humile"
-28.216,153.261,"Decaspermum humile"
-28.215,153.289,"Decaspermum humile"
-28.215,153.269167,"Decaspermum humile"
-28.21457,153.25865,"Decaspermum humile"
-28.214553,153.258552,"Decaspermum humile"
-28.214512,153.261625,"Decaspermum humile"
-28.2136,153.38501,"Decaspermum humile"
-28.212176,153.121202,"Decaspermum humile"
-28.211718,153.192337,"Decaspermum humile"
-28.211408,153.120418,"Decaspermum humile"
-28.211336,153.193142,"Decaspermum humile"
-28.211221,153.118898,"Decaspermum humile"
-28.209585,153.190512,"Decaspermum humile"
-28.20863,153.192764,"Decaspermum humile"
-28.20795,153.255351,"Decaspermum humile"
-28.2079,153.202988,"Decaspermum humile"
-28.206821,153.191025,"Decaspermum humile"
-28.20672,153.33191,"Decaspermum humile"
-28.20672,153.33191,"Decaspermum humile"
-28.20565,153.296829,"Decaspermum humile"
-28.205278,153.254722,"Decaspermum humile"
-28.204881,153.334381,"Decaspermum humile"
-28.204859,153.191513,"Decaspermum humile"
-28.204826,153.33437,"Decaspermum humile"
-28.20477,153.29381,"Decaspermum humile"
-28.204738,153.189743,"Decaspermum humile"
-28.2043,153.190674,"Decaspermum humile"
-28.204206,153.190289,"Decaspermum humile"
-28.2041,153.189926,"Decaspermum humile"
-28.20332,153.39945,"Decaspermum humile"
-28.202655,153.187822,"Decaspermum humile"
-28.202154,153.18811,"Decaspermum humile"
-28.201178,153.097737,"Decaspermum humile"
-28.20116,153.35057,"Decaspermum humile"
-28.20086,153.34995,"Decaspermum humile"
-28.200621,153.256416,"Decaspermum humile"
-28.200057,153.190305,"Decaspermum humile"
-28.199897,153.255901,"Decaspermum humile"
-28.199864,153.193016,"Decaspermum humile"
-28.199792,153.192933,"Decaspermum humile"
-28.199663,153.192795,"Decaspermum humile"
-28.199116,153.188187,"Decaspermum humile"
-28.19904,153.190057,"Decaspermum humile"
-28.1986,153.186287,"Decaspermum humile"
-28.19625,153.417313,"Decaspermum humile"
-28.194186,153.080014,"Decaspermum humile"
-28.190336,153.255375,"Decaspermum humile"
-28.19,153.17,"Decaspermum humile"
-28.189845,153.263799,"Decaspermum humile"
-28.18982,153.42592,"Decaspermum humile"
-28.189191,153.42845,"Decaspermum humile"
-28.188595,153.35264,"Decaspermum humile"
-28.188384,153.352666,"Decaspermum humile"
-28.187355,153.426111,"Decaspermum humile"
-28.18728,153.27052,"Decaspermum humile"
-28.183333,153.3,"Decaspermum humile"
-28.183333,153.283333,"Decaspermum humile"
-28.183333,153.283333,"Decaspermum humile"
-28.183333,153.3,"Decaspermum humile"
-28.183333,153.3,"Decaspermum humile"
-28.18333,153.28333,"Decaspermum humile"
-28.18333,153.3,"Decaspermum humile"
-28.1833,153.3,"Decaspermum humile"
-28.1833,153.2833,"Decaspermum humile"
-28.180668,153.4588,"Decaspermum humile"
-28.179831,153.458747,"Decaspermum humile"
-28.178178,153.442303,"Decaspermum humile"
-28.178067,153.44217,"Decaspermum humile"
-28.17806,153.442187,"Decaspermum humile"
-28.177952,153.442304,"Decaspermum humile"
-28.176426,153.455104,"Decaspermum humile"
-28.174954,153.365952,"Decaspermum humile"
-28.174813,153.366093,"Decaspermum humile"
-28.174714,153.365453,"Decaspermum humile"
-28.174081,153.371953,"Decaspermum humile"
-28.173394,153.509398,"Decaspermum humile"
-28.17116,153.38246,"Decaspermum humile"
-28.170186,153.380301,"Decaspermum humile"
-28.17,153.3075,"Decaspermum humile"
-28.166262,153.380795,"Decaspermum humile"
-28.166111,153.435,"Decaspermum humile"
-28.165986,153.396963,"Decaspermum humile"
-28.165938,153.396687,"Decaspermum humile"
-28.16584,153.39688,"Decaspermum humile"
-28.165595,153.396991,"Decaspermum humile"
-28.161406,153.196609,"Decaspermum humile"
-28.160627,153.314227,"Decaspermum humile"
-28.156942,153.36727,"Decaspermum humile"
-28.137982,152.783806,"Decaspermum humile"
-28.13345,153.144578,"Decaspermum humile"
-28.133331,153.020986,"Decaspermum humile"
-28.122545,153.179947,"Decaspermum humile"
-28.12108,153.21315,"Decaspermum humile"
-28.1172142,153.2030635,"Decaspermum humile"
-28.117012,153.203292,"Decaspermum humile"
-28.1167,153.4167,"Decaspermum humile"
-28.1167,153.4167,"Decaspermum humile"
-28.10415,153.396214,"Decaspermum humile"
-28.09899,152.407073,"Decaspermum humile"
-28.096869,153.458019,"Decaspermum humile"
-28.09389,153.45821,"Decaspermum humile"
-28.083333,153.25,"Decaspermum humile"
-28.081734,153.25107,"Decaspermum humile"
-28.08171,152.50109,"Decaspermum humile"
-28.081066,152.505239,"Decaspermum humile"
-28.075013,153.10811,"Decaspermum humile"
-28.060874,153.395769,"Decaspermum humile"
-28.059133,153.308955,"Decaspermum humile"
-28.052658,152.380433,"Decaspermum humile"
-28.052592,152.380342,"Decaspermum humile"
-28.05,153.016667,"Decaspermum humile"
-27.988441,152.881298,"Decaspermum humile"
-27.96318,152.378212,"Decaspermum humile"
-27.963167,152.378172,"Decaspermum humile"
-27.96315,152.378172,"Decaspermum humile"
-27.94006,153.25941,"Decaspermum humile"
-27.928547,153.189695,"Decaspermum humile"
-27.916598,153.240875,"Decaspermum humile"
-27.91617,153.19635,"Decaspermum humile"
-27.90062,152.722476,"Decaspermum humile"
-27.898708,153.003761,"Decaspermum humile"
-27.893505,153.183287,"Decaspermum humile"
-27.882721,153.253372,"Decaspermum humile"
-27.857885,153.240874,"Decaspermum humile"
-27.85454,153.232382,"Decaspermum humile"
-27.850191,153.230803,"Decaspermum humile"
-27.841124,153.243046,"Decaspermum humile"
-27.8333,153.1667,"Decaspermum humile"
-27.8333,153.1667,"Decaspermum humile"
-27.82339,153.20941,"Decaspermum humile"
-27.822918,153.2069,"Decaspermum humile"
-27.82044,152.81727,"Decaspermum humile"
-27.819394,152.821608,"Decaspermum humile"
-27.818055,152.817838,"Decaspermum humile"
-27.817992,152.817855,"Decaspermum humile"
-27.817489,152.816025,"Decaspermum humile"
-27.816961,153.223279,"Decaspermum humile"
-27.808818,153.242621,"Decaspermum humile"
-27.80682,153.24284,"Decaspermum humile"
-27.80672,153.24274,"Decaspermum humile"
-27.805,153.217,"Decaspermum humile"
-27.803803,153.217428,"Decaspermum humile"
-27.803803,153.217428,"Decaspermum humile"
-27.803611,153.281111,"Decaspermum humile"
-27.8,153.216667,"Decaspermum humile"
-27.8,153.21667,"Decaspermum humile"
-27.8,153.2167,"Decaspermum humile"
-27.794075,153.227422,"Decaspermum humile"
-27.788237,152.808708,"Decaspermum humile"
-27.740082,153.179787,"Decaspermum humile"
-27.74006,153.17607,"Decaspermum humile"
-27.731835,152.891585,"Decaspermum humile"
-27.731322,152.891742,"Decaspermum humile"
-27.723333,153.223611,"Decaspermum humile"
-27.707615,152.974902,"Decaspermum humile"
-27.644122,152.897739,"Decaspermum humile"
-27.631327,153.22546,"Decaspermum humile"
-27.617037,152.856524,"Decaspermum humile"
-27.6,152.7333,"Decaspermum humile"
-27.585668,153.177353,"Decaspermum humile"
-27.583333,152.916667,"Decaspermum humile"
-27.556738,152.54274,"Decaspermum humile"
-27.551019,153.006256,"Decaspermum humile"
-27.547966,152.968502,"Decaspermum humile"
-27.547803,152.967225,"Decaspermum humile"
-27.547803,152.967225,"Decaspermum humile"
-27.547759,152.966854,"Decaspermum humile"
-27.54773,152.96727,"Decaspermum humile"
-27.547712,152.967453,"Decaspermum humile"
-27.547706,152.967225,"Decaspermum humile"
-27.547703,152.966958,"Decaspermum humile"
-27.547698,152.967281,"Decaspermum humile"
-27.547675,152.967131,"Decaspermum humile"
-27.547669,152.967269,"Decaspermum humile"
-27.547656,152.967269,"Decaspermum humile"
-27.547492,152.967057,"Decaspermum humile"
-27.547475,152.967086,"Decaspermum humile"
-27.547372,152.966811,"Decaspermum humile"
-27.546389,152.736667,"Decaspermum humile"
-27.540072,152.74274,"Decaspermum humile"
-27.539046,152.737562,"Decaspermum humile"
-27.536744,152.972992,"Decaspermum humile"
-27.533333,152.833333,"Decaspermum humile"
-27.533333,152.716667,"Decaspermum humile"
-27.5333,152.8333,"Decaspermum humile"
-27.5333,152.8333,"Decaspermum humile"
-27.523771,153.197514,"Decaspermum humile"
-27.523405,152.876073,"Decaspermum humile"
-27.51666,152.76661,"Decaspermum humile"
-27.513513,153.120496,"Decaspermum humile"
-27.513037,153.120558,"Decaspermum humile"
-27.512628,153.120348,"Decaspermum humile"
-27.512585,153.120433,"Decaspermum humile"
-27.466667,153.016667,"Decaspermum humile"
-27.440069,153.009394,"Decaspermum humile"
-27.4396,152.869,"Decaspermum humile"
-27.438923,152.87114,"Decaspermum humile"
-27.436203,152.86872,"Decaspermum humile"
-27.426853,152.842407,"Decaspermum humile"
-27.415069,153.084394,"Decaspermum humile"
-27.40482,152.803393,"Decaspermum humile"
-27.404817,152.803465,"Decaspermum humile"
-27.404807,152.803407,"Decaspermum humile"
-27.404803,152.803648,"Decaspermum humile"
-27.404102,152.781648,"Decaspermum humile"
-27.4018,152.805,"Decaspermum humile"
-27.401722,152.804942,"Decaspermum humile"
-27.357842,152.766037,"Decaspermum humile"
-27.33563,152.76495,"Decaspermum humile"
-27.33563,152.76495,"Decaspermum humile"
-27.334152,152.761112,"Decaspermum humile"
-27.333333,152.766667,"Decaspermum humile"
-27.333333,152.766667,"Decaspermum humile"
-27.3333,153,"Decaspermum humile"
-27.329596,152.757743,"Decaspermum humile"
-27.329546,152.757712,"Decaspermum humile"
-27.277736,153.04745,"Decaspermum humile"
-27.268496,152.965657,"Decaspermum humile"
-27.25,153.0833,"Decaspermum humile"
-27.248406,152.751069,"Decaspermum humile"
-27.192334,152.914081,"Decaspermum humile"
-27.150457,152.957847,"Decaspermum humile"
-27.099325,152.5578,"Decaspermum humile"
-27.099188,152.693979,"Decaspermum humile"
-27.094076,152.695999,"Decaspermum humile"
-27.05,152.08333,"Decaspermum humile"
-27.05,152.083333,"Decaspermum humile"
-26.832132,152.707306,"Decaspermum humile"
-26.824818,152.917178,"Decaspermum humile"
-26.82412,152.919388,"Decaspermum humile"
-26.823408,152.876064,"Decaspermum humile"
-26.817519,152.921615,"Decaspermum humile"
-26.799375,152.779142,"Decaspermum humile"
-26.792075,152.942845,"Decaspermum humile"
-26.791308,152.938118,"Decaspermum humile"
-26.790907,152.935122,"Decaspermum humile"
-26.786171,152.959263,"Decaspermum humile"
-26.78567,152.9579,"Decaspermum humile"
-26.778246,153.108749,"Decaspermum humile"
-26.777417,152.964889,"Decaspermum humile"
-26.774033,152.962464,"Decaspermum humile"
-26.772671,152.962223,"Decaspermum humile"
-26.77263,152.962142,"Decaspermum humile"
-26.771291,152.925378,"Decaspermum humile"
-26.771188,152.960495,"Decaspermum humile"
-26.769942,152.959092,"Decaspermum humile"
-26.764717,152.863781,"Decaspermum humile"
-26.76379,152.78477,"Decaspermum humile"
-26.76207,152.78528,"Decaspermum humile"
-26.7109,152.59245,"Decaspermum humile"
-26.706741,152.642731,"Decaspermum humile"
-26.692611,152.82075,"Decaspermum humile"
-26.691561,153.023585,"Decaspermum humile"
-26.691506,153.023584,"Decaspermum humile"
-26.68697,152.62188,"Decaspermum humile"
-26.686865,153.044521,"Decaspermum humile"
-26.67767,152.848663,"Decaspermum humile"
-26.67743,152.625673,"Decaspermum humile"
-26.674623,153.047623,"Decaspermum humile"
-26.671886,152.871121,"Decaspermum humile"
-26.67103,152.72514,"Decaspermum humile"
-26.6675,152.902222,"Decaspermum humile"
-26.65637,152.913133,"Decaspermum humile"
-26.653162,152.902745,"Decaspermum humile"
-26.653008,152.900856,"Decaspermum humile"
-26.651628,152.909667,"Decaspermum humile"
-26.639369,152.840164,"Decaspermum humile"
-26.637222,152.89,"Decaspermum humile"
-26.631191,152.841724,"Decaspermum humile"
-26.628769,153.09059,"Decaspermum humile"
-26.612683,152.820581,"Decaspermum humile"
-26.590532,152.901901,"Decaspermum humile"
-26.590158,152.900759,"Decaspermum humile"
-26.590074,152.976064,"Decaspermum humile"
-26.583333,152.966667,"Decaspermum humile"
-26.581741,152.917731,"Decaspermum humile"
-26.581741,152.917731,"Decaspermum humile"
-26.56698,151.94178,"Decaspermum humile"
-26.566667,152.866667,"Decaspermum humile"
-26.558058,152.55192,"Decaspermum humile"
-26.53612,152.549,"Decaspermum humile"
-26.490075,152.92606,"Decaspermum humile"
-26.484804,151.856631,"Decaspermum humile"
-26.483333,152.916667,"Decaspermum humile"
-26.48333,152.91667,"Decaspermum humile"
-26.48173,152.91773,"Decaspermum humile"
-26.467019,152.964889,"Decaspermum humile"
-26.466667,152.95,"Decaspermum humile"
-26.466503,152.965211,"Decaspermum humile"
-26.46589,152.88081,"Decaspermum humile"
-26.46569,152.85331,"Decaspermum humile"
-26.45999,152.88401,"Decaspermum humile"
-26.456742,152.992726,"Decaspermum humile"
-26.45309,152.87041,"Decaspermum humile"
-26.45109,152.85861,"Decaspermum humile"
-26.45,152.9833,"Decaspermum humile"
-26.45,152.983333,"Decaspermum humile"
-26.44869,152.83001,"Decaspermum humile"
-26.44642,152.97276,"Decaspermum humile"
-26.44629,152.91661,"Decaspermum humile"
-26.4461,152.97295,"Decaspermum humile"
-26.44589,152.87211,"Decaspermum humile"
-26.43173,152.95106,"Decaspermum humile"
-26.43109,152.86891,"Decaspermum humile"
-26.42739,152.81381,"Decaspermum humile"
-26.415075,152.917726,"Decaspermum humile"
-26.415075,152.917726,"Decaspermum humile"
-26.415075,152.917726,"Decaspermum humile"
-26.40899,152.97611,"Decaspermum humile"
-26.40256,152.7094,"Decaspermum humile"
-26.38728,152.67829,"Decaspermum humile"
-26.36529,152.78601,"Decaspermum humile"
-26.36229,152.94611,"Decaspermum humile"
-26.35999,152.87084,"Decaspermum humile"
-26.33686,152.32848,"Decaspermum humile"
-26.33309,152.91641,"Decaspermum humile"
-26.332314,152.997895,"Decaspermum humile"
-26.32321,152.86331,"Decaspermum humile"
-26.322998,152.862335,"Decaspermum humile"
-26.322706,152.863922,"Decaspermum humile"
-26.322258,152.86343,"Decaspermum humile"
-26.317419,152.875436,"Decaspermum humile"
-26.31506,152.85107,"Decaspermum humile"
-26.30059,152.84401,"Decaspermum humile"
-26.290075,152.842726,"Decaspermum humile"
-26.28499,152.84591,"Decaspermum humile"
-26.28209,152.92791,"Decaspermum humile"
-26.280037,152.926345,"Decaspermum humile"
-26.273409,152.892726,"Decaspermum humile"
-26.253691,152.672397,"Decaspermum humile"
-26.248409,152.75106,"Decaspermum humile"
-26.24399,152.89471,"Decaspermum humile"
-26.23989,152.87781,"Decaspermum humile"
-26.23549,152.89221,"Decaspermum humile"
-26.234608,152.850067,"Decaspermum humile"
-26.22989,152.86561,"Decaspermum humile"
-26.2216,152.9394,"Decaspermum humile"
-26.21449,152.88651,"Decaspermum humile"
-26.204528,152.908194,"Decaspermum humile"
-26.20319,152.911638,"Decaspermum humile"
-26.20294,152.576538,"Decaspermum humile"
-26.202387,152.911287,"Decaspermum humile"
-26.202385,152.912598,"Decaspermum humile"
-26.178333,152.871389,"Decaspermum humile"
-26.138275,152.779404,"Decaspermum humile"
-26.10859,152.77422,"Decaspermum humile"
-26.017921,153.117753,"Decaspermum humile"
-26.006736,153.126054,"Decaspermum humile"
-25.993275,153.096344,"Decaspermum humile"
-25.983994,153.103989,"Decaspermum humile"
-25.960593,153.104058,"Decaspermum humile"
-25.955847,153.10917,"Decaspermum humile"
-25.954767,153.105855,"Decaspermum humile"
-25.954512,153.104645,"Decaspermum humile"
-25.951269,153.1093,"Decaspermum humile"
-25.950274,153.114393,"Decaspermum humile"
-25.950247,153.111664,"Decaspermum humile"
-25.950247,153.111664,"Decaspermum humile"
-25.950199,153.094025,"Decaspermum humile"
-25.947353,153.092041,"Decaspermum humile"
-25.81665,152.58417,"Decaspermum humile"
-25.711356,152.656658,"Decaspermum humile"
-25.581746,152.084396,"Decaspermum humile"
-25.43173,152.0844,"Decaspermum humile"
-25.291708,153.166506,"Decaspermum humile"
-25.286236,153.162927,"Decaspermum humile"
-25.256739,153.176045,"Decaspermum humile"
-25.256739,153.176045,"Decaspermum humile"
-25.256739,153.209378,"Decaspermum humile"
-25.256739,153.176045,"Decaspermum humile"
-25.256739,153.176045,"Decaspermum humile"
-25.25,153.16,"Decaspermum humile"
-25.248431,148.417789,"Decaspermum humile"
-25.1989,153.2042,"Decaspermum humile"
-25.197295,153.205212,"Decaspermum humile"
-24.973415,152.209388,"Decaspermum humile"
-24.65265,151.341911,"Decaspermum humile"
-24.650536,151.343487,"Decaspermum humile"
-24.65,151.35,"Decaspermum humile"
-24.65,151.35,"Decaspermum humile"
-24.581751,151.417736,"Decaspermum humile"
-24.52686,151.47278,"Decaspermum humile"
-21.175,148.558333,"Decaspermum humile"
-19.2758088,146.435286,"Decaspermum humile"
-19.275678,146.435556,"Decaspermum humile"
-19.19298,146.39383,"Decaspermum humile"
-19.190122,146.409444,"Decaspermum humile"
-19.183333,146.4,"Decaspermum humile"
-19.014287,146.26601,"Decaspermum humile"
-19.0079,146.2387,"Decaspermum humile"
-19.00104,146.20862,"Decaspermum humile"
-18.9839,146.2106,"Decaspermum humile"
-18.9839,146.2106,"Decaspermum humile"
-18.983889,146.210556,"Decaspermum humile"
-18.94577,146.23493,"Decaspermum humile"
-18.65915,145.87793,"Decaspermum humile"
-18.65611,145.87521,"Decaspermum humile"
-18.655402,145.875197,"Decaspermum humile"
-18.6485908,145.8675467,"Decaspermum humile"
-18.60374,145.82918,"Decaspermum humile"
-18.55421,146.20924,"Decaspermum humile"
-18.51594,146.17941,"Decaspermum humile"
-18.4985917,145.7508476,"Decaspermum humile"
-18.423458,146.259438,"Decaspermum humile"
-18.373458,146.092771,"Decaspermum humile"
-18.290128,145.876111,"Decaspermum humile"
-18.2833,145.8667,"Decaspermum humile"
-18.28153,145.87361,"Decaspermum humile"
-18.25,145.9167,"Decaspermum humile"
-18.206954,145.765303,"Decaspermum humile"
-18.198611,145.856111,"Decaspermum humile"
-18.1667,146,"Decaspermum humile"
-18.1667,146,"Decaspermum humile"
-18.1667,146,"Decaspermum humile"
-18.16464,145.69822,"Decaspermum humile"
-18.156794,145.592778,"Decaspermum humile"
-18.10219,145.86953,"Decaspermum humile"
-18.06416,145.86043,"Decaspermum humile"
-18.00741,145.99097,"Decaspermum humile"
-17.94028,146.05833,"Decaspermum humile"
-17.93872,146.05734,"Decaspermum humile"
-17.92022,145.96411,"Decaspermum humile"
-17.8985938,145.8341447,"Decaspermum humile"
-17.86722,145.84278,"Decaspermum humile"
-17.8666,145.92487,"Decaspermum humile"
-17.86547,146.01091,"Decaspermum humile"
-17.8318934,146.0841415,"Decaspermum humile"
-17.8272,145.71139,"Decaspermum humile"
-17.80267,145.98461,"Decaspermum humile"
-17.80267,145.98461,"Decaspermum humile"
-17.76475,145.58601,"Decaspermum humile"
-17.71722,145.86289,"Decaspermum humile"
-17.695963,145.94833,"Decaspermum humile"
-17.581794,146.084433,"Decaspermum humile"
-17.5319279,145.967509,"Decaspermum humile"
-17.5,145.65,"Decaspermum humile"
-17.5,145.65,"Decaspermum humile"
-17.5,145.65,"Decaspermum humile"
-17.45263,146.02091,"Decaspermum humile"
-17.425222,145.487244,"Decaspermum humile"
-17.4,145.816667,"Decaspermum humile"
-17.35,145.9,"Decaspermum humile"
-17.340131,145.926104,"Decaspermum humile"
-17.340129,146.00943,"Decaspermum humile"
-17.33333,146,"Decaspermum humile"
-17.3333,146,"Decaspermum humile"
-17.3333,146,"Decaspermum humile"
-17.3333,146,"Decaspermum humile"
-17.3333,146,"Decaspermum humile"
-17.3318957,146.000841,"Decaspermum humile"
-17.3318957,146.000841,"Decaspermum humile"
-17.3318957,146.000841,"Decaspermum humile"
-17.320277,145.515066,"Decaspermum humile"
-17.30414,145.96789,"Decaspermum humile"
-17.3039,145.96841,"Decaspermum humile"
-17.290134,145.459444,"Decaspermum humile"
-17.290134,145.459444,"Decaspermum humile"
-17.285338,145.629357,"Decaspermum humile"
-17.2833,145.45,"Decaspermum humile"
-17.2833,145.4333,"Decaspermum humile"
-17.2833,145.45,"Decaspermum humile"
-17.2833,145.45,"Decaspermum humile"
-17.2833,145.4333,"Decaspermum humile"
-17.2833,145.45,"Decaspermum humile"
-17.2833,145.45,"Decaspermum humile"
-17.275377,145.789355,"Decaspermum humile"
-17.265833,145.578056,"Decaspermum humile"
-17.263566,145.481708,"Decaspermum humile"
-17.2583,145.485,"Decaspermum humile"
-17.2583,145.485,"Decaspermum humile"
-17.256798,145.592771,"Decaspermum humile"
-17.25,145.58333,"Decaspermum humile"
-17.25,145.5833,"Decaspermum humile"
-17.248465,145.584437,"Decaspermum humile"
-17.22833,145.41805,"Decaspermum humile"
-17.1964,145.4542,"Decaspermum humile"
-17.173465,145.592771,"Decaspermum humile"
-17.1667,145.5833,"Decaspermum humile"
-17.1667,145.5833,"Decaspermum humile"
-17.1667,145.55,"Decaspermum humile"
-17.1667,145.5833,"Decaspermum humile"
-17.1667,145.6167,"Decaspermum humile"
-17.1667,145.6167,"Decaspermum humile"
-17.158333,145.591667,"Decaspermum humile"
-17.157746,145.561218,"Decaspermum humile"
-17.156798,145.592771,"Decaspermum humile"
-17.156798,145.592771,"Decaspermum humile"
-17.155131,145.564715,"Decaspermum humile"
-17.153,145.57,"Decaspermum humile"
-17.15,145.5833,"Decaspermum humile"
-17.15,145.5667,"Decaspermum humile"
-17.15,145.55,"Decaspermum humile"
-17.15,145.5667,"Decaspermum humile"
-17.15,145.583333,"Decaspermum humile"
-17.15,145.55,"Decaspermum humile"
-17.15,145.5667,"Decaspermum humile"
-17.15,145.583333,"Decaspermum humile"
-17.15,145.5833,"Decaspermum humile"
-17.15,145.5667,"Decaspermum humile"
-17.15,145.5667,"Decaspermum humile"
-17.15,145.5833,"Decaspermum humile"
-17.15,145.55,"Decaspermum humile"
-17.15,145.5833,"Decaspermum humile"
-17.15,145.5833,"Decaspermum humile"
-17.15,145.58333,"Decaspermum humile"
-17.15,145.58333,"Decaspermum humile"
-17.1470965,145.5852244,"Decaspermum humile"
-17.14616,145.58684,"Decaspermum humile"
-17.145998,145.58644,"Decaspermum humile"
-17.14232,145.59091,"Decaspermum humile"
-17.14183,145.59183,"Decaspermum humile"
-17.140131,145.559437,"Decaspermum humile"
-17.1333,145.6167,"Decaspermum humile"
-17.090131,145.892771,"Decaspermum humile"
-17.090131,145.626104,"Decaspermum humile"
-17.090131,145.676104,"Decaspermum humile"
-17.0818971,145.8841417,"Decaspermum humile"
-17.081798,145.584437,"Decaspermum humile"
-17.006798,145.842771,"Decaspermum humile"
-17,145.8333,"Decaspermum humile"
-17,145.8333,"Decaspermum humile"
-17,145.8333,"Decaspermum humile"
-17,145.8333,"Decaspermum humile"
-17,145.8333,"Decaspermum humile"
-17,145.833333,"Decaspermum humile"
-17,145.8333,"Decaspermum humile"
-17,145.6167,"Decaspermum humile"
-17,145.8333,"Decaspermum humile"
-17,145.8333,"Decaspermum humile"
-16.990133,145.842768,"Decaspermum humile"
-16.983333,145.833333,"Decaspermum humile"
-16.98333,145.83333,"Decaspermum humile"
-16.9833,145.8333,"Decaspermum humile"
-16.9833,145.8333,"Decaspermum humile"
-16.9833,145.6333,"Decaspermum humile"
-16.9818976,145.834142,"Decaspermum humile"
-16.9818976,145.834142,"Decaspermum humile"
-16.9803966,145.835216,"Decaspermum humile"
-16.98011,145.62577,"Decaspermum humile"
-16.973467,145.609434,"Decaspermum humile"
-16.9568,145.626101,"Decaspermum humile"
-16.95,145.6167,"Decaspermum humile"
-16.95,145.61667,"Decaspermum humile"
-16.95,145.6167,"Decaspermum humile"
-16.940133,145.626101,"Decaspermum humile"
-16.940133,145.626101,"Decaspermum humile"
-16.933333,145.616667,"Decaspermum humile"
-16.9333,145.6167,"Decaspermum humile"
-16.9333,145.6167,"Decaspermum humile"
-16.9333,145.6167,"Decaspermum humile"
-16.9333,145.6167,"Decaspermum humile"
-16.923467,145.592768,"Decaspermum humile"
-16.9167,145.5833,"Decaspermum humile"
-16.9167,145.5833,"Decaspermum humile"
-16.916667,145.583333,"Decaspermum humile"
-16.90572,145.60179,"Decaspermum humile"
-16.90406,145.59822,"Decaspermum humile"
-16.84426,145.68001,"Decaspermum humile"
-16.836775,145.637227,"Decaspermum humile"
-16.82695,145.652297,"Decaspermum humile"
-16.810297,145.675567,"Decaspermum humile"
-16.807495,145.675063,"Decaspermum humile"
-16.8071,145.67553,"Decaspermum humile"
-16.795833,145.598167,"Decaspermum humile"
-16.795833,145.598056,"Decaspermum humile"
-16.7833,145.5833,"Decaspermum humile"
-16.7568,145.592768,"Decaspermum humile"
-16.75,145.5833,"Decaspermum humile"
-16.75,145.5833,"Decaspermum humile"
-16.75,145.5833,"Decaspermum humile"
-16.75,145.5833,"Decaspermum humile"
-16.75,145.5833,"Decaspermum humile"
-16.75,145.5833,"Decaspermum humile"
-16.75,145.5833,"Decaspermum humile"
-16.75,145.5833,"Decaspermum humile"
-16.7485992,145.6008441,"Decaspermum humile"
-16.7485992,145.6008441,"Decaspermum humile"
-16.748467,145.584434,"Decaspermum humile"
-16.70735,145.16799,"Decaspermum humile"
-16.70735,145.16799,"Decaspermum humile"
-16.63044,145.54487,"Decaspermum humile"
-16.63025,145.54603,"Decaspermum humile"
-16.6264,145.54372,"Decaspermum humile"
-16.6223,145.30742,"Decaspermum humile"
-16.61168,145.45253,"Decaspermum humile"
-16.606802,145.309442,"Decaspermum humile"
-16.6,145.3,"Decaspermum humile"
-16.6,145.3,"Decaspermum humile"
-16.6,145.3,"Decaspermum humile"
-16.590136,145.292775,"Decaspermum humile"
-16.58612,145.298533,"Decaspermum humile"
-16.58333,145.28333,"Decaspermum humile"
-16.5833,145.2833,"Decaspermum humile"
-16.58147,145.32182,"Decaspermum humile"
-16.5813,145.32239,"Decaspermum humile"
-16.58038,145.31868,"Decaspermum humile"
-16.5801,145.3037,"Decaspermum humile"
-16.57718,145.30997,"Decaspermum humile"
-16.55547,145.39752,"Decaspermum humile"
-16.5457,145.34901,"Decaspermum humile"
-16.534571,145.38144,"Decaspermum humile"
-16.523469,145.376108,"Decaspermum humile"
-16.290137,145.092773,"Decaspermum humile"
-16.283333,145.083333,"Decaspermum humile"
-16.28333,145.08333,"Decaspermum humile"
-16.2833,145.0833,"Decaspermum humile"
-16.2833,145.0833,"Decaspermum humile"
-16.2776,145.06853,"Decaspermum humile"
-16.2652696,145.1175155,"Decaspermum humile"
-16.25654,145.44072,"Decaspermum humile"
-16.256401,145.040694,"Decaspermum humile"
-16.25,145.366667,"Decaspermum humile"
-16.16757,145.4036,"Decaspermum humile"
-16.166667,145.376944,"Decaspermum humile"
-16.1042,145.4481,"Decaspermum humile"
-16.09963,145.33932,"Decaspermum humile"
-16.083333,145.283333,"Decaspermum humile"
-16.081804,145.251106,"Decaspermum humile"
-16.073471,145.342773,"Decaspermum humile"
-16.0667,145.3333,"Decaspermum humile"
-16.0667,145.3333,"Decaspermum humile"
-16.0667,145.3333,"Decaspermum humile"
-16.066667,145.333333,"Decaspermum humile"
-16,145.0167,"Decaspermum humile"
-15.9486035,145.3341452,"Decaspermum humile"
-15.833333,145.333333,"Decaspermum humile"
-15.83333,145.33333,"Decaspermum humile"
-15.8333,145.3333,"Decaspermum humile"
-15.825,145.325,"Decaspermum humile"
-15.808333,145.258333,"Decaspermum humile"
-15.790139,145.29277,"Decaspermum humile"
-15.752639,145.288604,"Decaspermum humile"
-15.75,145.25,"Decaspermum humile"
-15.75,145.25,"Decaspermum humile"
-15.749125,145.29477,"Decaspermum humile"
-15.4907,145.264,"Decaspermum humile"
-15.490139,145.259436,"Decaspermum humile"
-15.275697,144.982774,"Decaspermum humile"
-15.27433,144.98119,"Decaspermum humile"
-15.27433,144.98119,"Decaspermum humile"
-15.273475,144.992774,"Decaspermum humile"
-15.272085,145.158951,"Decaspermum humile"
-15.253978,144.997426,"Decaspermum humile"
-15.0630083,145.1189456,"Decaspermum humile"
-15.0630083,145.1189456,"Decaspermum humile"
-15.062917,145.119158,"Decaspermum humile"
-13.873489,143.342786,"Decaspermum humile"
-13.840156,143.342786,"Decaspermum humile"
-13.790156,143.426119,"Decaspermum humile"
-13.756823,143.342786,"Decaspermum humile"
-13.75,143.3333,"Decaspermum humile"
-13.75,143.33333,"Decaspermum humile"
-13.75,143.3333,"Decaspermum humile"
-13.75,143.3333,"Decaspermum humile"
-13.740156,143.376119,"Decaspermum humile"
-13.740156,143.376119,"Decaspermum humile"
-13.7333,143.3667,"Decaspermum humile"
-13.720957,143.325253,"Decaspermum humile"
-13.715366,143.320998,"Decaspermum humile"
-13.673489,143.426119,"Decaspermum humile"
-13.6652856,143.4175288,"Decaspermum humile"
-12.781724,143.311121,"Decaspermum humile"
-12.773364,143.323796,"Decaspermum humile"
-12.756827,143.226116,"Decaspermum humile"
-12.75,143.3,"Decaspermum humile"
-12.741667,143.208333,"Decaspermum humile"
-12.740161,143.25945,"Decaspermum humile"
-12.74014,143.25279,"Decaspermum humile"
-12.7333,143.25,"Decaspermum humile"
-12.7333,143.25,"Decaspermum humile"
-12.716111,143.144722,"Decaspermum humile"
-12.678494,143.343339,"Decaspermum humile"
-11.7111,142.69485,"Decaspermum humile"
-11.683889,142.701944,"Decaspermum humile"
-11.6652975,142.750866,"Decaspermum humile"
-11.6652975,142.750866,"Decaspermum humile"
-11.637943,142.734445,"Decaspermum humile"
-11.46667,142.45,"Decaspermum humile"
-11.431111,142.370556,"Decaspermum humile"
-10.763357,142.564451,"Decaspermum humile"
